LOCATION,INDICATOR,SUBJECT,MEASURE,FREQUENCY,TIME,Value,Flag Codes
AUS,SUICIDE,TOT,100000PER,A,1960,13.6,
AUS,SUICIDE,TOT,100000PER,A,1961,15,https://data.oecd.org/healthstat/suicide-rates.htm
AUS,SUICIDE,TOT,100000PER,A,1962,17.4,
AUS,SUICIDE,TOT,100000PER,A,1963,19.8,
AUS,SUICIDE,TOT,100000PER,A,1964,18.4,
AUS,SUICIDE,TOT,100000PER,A,1965,18.5,
AUS,SUICIDE,TOT,100000PER,A,1966,17.9,
AUS,SUICIDE,TOT,100000PER,A,1967,19,
AUS,SUICIDE,TOT,100000PER,A,1968,16,B
AUS,SUICIDE,TOT,100000PER,A,1969,15.3,
AUS,SUICIDE,TOT,100000PER,A,1970,15.4,
AUS,SUICIDE,TOT,100000PER,A,1971,16.6,
AUS,SUICIDE,TOT,100000PER,A,1972,15.3,
AUS,SUICIDE,TOT,100000PER,A,1973,14.1,
AUS,SUICIDE,TOT,100000PER,A,1974,14.4,
AUS,SUICIDE,TOT,100000PER,A,1975,13.3,
AUS,SUICIDE,TOT,100000PER,A,1976,12.9,
AUS,SUICIDE,TOT,100000PER,A,1977,13.1,
AUS,SUICIDE,TOT,100000PER,A,1978,12.9,
AUS,SUICIDE,TOT,100000PER,A,1979,13.2,B
AUS,SUICIDE,TOT,100000PER,A,1980,12.5,
AUS,SUICIDE,TOT,100000PER,A,1981,12.8,
AUS,SUICIDE,TOT,100000PER,A,1982,13.2,
AUS,SUICIDE,TOT,100000PER,A,1983,12.4,
AUS,SUICIDE,TOT,100000PER,A,1984,12.5,
AUS,SUICIDE,TOT,100000PER,A,1985,12.8,
AUS,SUICIDE,TOT,100000PER,A,1986,13.8,
AUS,SUICIDE,TOT,100000PER,A,1987,14.5,
AUS,SUICIDE,TOT,100000PER,A,1988,14,
AUS,SUICIDE,TOT,100000PER,A,1989,13.1,
AUS,SUICIDE,TOT,100000PER,A,1990,13.6,
AUS,SUICIDE,TOT,100000PER,A,1991,13.9,
AUS,SUICIDE,TOT,100000PER,A,1992,13.5,
AUS,SUICIDE,TOT,100000PER,A,1993,12.1,
AUS,SUICIDE,TOT,100000PER,A,1994,13.3,
AUS,SUICIDE,TOT,100000PER,A,1995,12.3,
AUS,SUICIDE,TOT,100000PER,A,1996,13.6,
AUS,SUICIDE,TOT,100000PER,A,1997,14.6,
AUS,SUICIDE,TOT,100000PER,A,1998,14.2,B
AUS,SUICIDE,TOT,100000PER,A,1999,13.4,
AUS,SUICIDE,TOT,100000PER,A,2000,12.7,
AUS,SUICIDE,TOT,100000PER,A,2001,12.9,
AUS,SUICIDE,TOT,100000PER,A,2002,12,
AUS,SUICIDE,TOT,100000PER,A,2003,11,
AUS,SUICIDE,TOT,100000PER,A,2004,10.7,
AUS,SUICIDE,TOT,100000PER,A,2006,10.6,
AUS,SUICIDE,TOT,100000PER,A,2007,10.7,
AUS,SUICIDE,TOT,100000PER,A,2008,11.1,
AUS,SUICIDE,TOT,100000PER,A,2009,10.8,
AUS,SUICIDE,TOT,100000PER,A,2010,11,
AUS,SUICIDE,TOT,100000PER,A,2011,10.9,
AUS,SUICIDE,TOT,100000PER,A,2012,11.5,
AUS,SUICIDE,TOT,100000PER,A,2013,11.5,
AUS,SUICIDE,TOT,100000PER,A,2014,12.6,
AUS,SUICIDE,TOT,100000PER,A,2015,13.2,
AUS,SUICIDE,TOT,100000PER,A,2016,12.2,
AUS,SUICIDE,TOT,100000PER,A,2017,13.6,
AUS,SUICIDE,TOT,100000PER,A,2018,13,
AUS,SUICIDE,TOT,100000PER,A,2019,13.3,
AUS,SUICIDE,TOT,100000PER,A,2020,12.4,
AUT,SUICIDE,TOT,100000PER,A,1960,25,
AUT,SUICIDE,TOT,100000PER,A,1961,23.9,
AUT,SUICIDE,TOT,100000PER,A,1962,24.6,
AUT,SUICIDE,TOT,100000PER,A,1963,23.7,
AUT,SUICIDE,TOT,100000PER,A,1964,24.9,
AUT,SUICIDE,TOT,100000PER,A,1965,25.2,
AUT,SUICIDE,TOT,100000PER,A,1966,25.4,
AUT,SUICIDE,TOT,100000PER,A,1967,24.8,
AUT,SUICIDE,TOT,100000PER,A,1968,24.4,
AUT,SUICIDE,TOT,100000PER,A,1969,25.1,B
AUT,SUICIDE,TOT,100000PER,A,1970,27.3,
AUT,SUICIDE,TOT,100000PER,A,1971,25.7,
AUT,SUICIDE,TOT,100000PER,A,1972,26.4,
AUT,SUICIDE,TOT,100000PER,A,1973,25,
AUT,SUICIDE,TOT,100000PER,A,1974,26.6,
AUT,SUICIDE,TOT,100000PER,A,1975,27,
AUT,SUICIDE,TOT,100000PER,A,1976,25.1,
AUT,SUICIDE,TOT,100000PER,A,1977,26.6,
AUT,SUICIDE,TOT,100000PER,A,1978,26.9,
AUT,SUICIDE,TOT,100000PER,A,1979,27.2,
AUT,SUICIDE,TOT,100000PER,A,1980,27.7,B
AUT,SUICIDE,TOT,100000PER,A,1981,28.7,
AUT,SUICIDE,TOT,100000PER,A,1982,29.2,
AUT,SUICIDE,TOT,100000PER,A,1983,28.7,
AUT,SUICIDE,TOT,100000PER,A,1984,28.4,
AUT,SUICIDE,TOT,100000PER,A,1985,28.9,
AUT,SUICIDE,TOT,100000PER,A,1986,29.4,
AUT,SUICIDE,TOT,100000PER,A,1987,28.5,
AUT,SUICIDE,TOT,100000PER,A,1988,25.3,
AUT,SUICIDE,TOT,100000PER,A,1989,25.9,
AUT,SUICIDE,TOT,100000PER,A,1990,24.7,
AUT,SUICIDE,TOT,100000PER,A,1991,23.6,
AUT,SUICIDE,TOT,100000PER,A,1992,23.4,
AUT,SUICIDE,TOT,100000PER,A,1993,22.4,
AUT,SUICIDE,TOT,100000PER,A,1994,23.2,
AUT,SUICIDE,TOT,100000PER,A,1995,23.1,
AUT,SUICIDE,TOT,100000PER,A,1996,23.1,
AUT,SUICIDE,TOT,100000PER,A,1997,20.4,
AUT,SUICIDE,TOT,100000PER,A,1998,20.1,
AUT,SUICIDE,TOT,100000PER,A,1999,19.9,
AUT,SUICIDE,TOT,100000PER,A,2000,20.1,
AUT,SUICIDE,TOT,100000PER,A,2001,18.6,
AUT,SUICIDE,TOT,100000PER,A,2002,19.2,B
AUT,SUICIDE,TOT,100000PER,A,2003,18,
AUT,SUICIDE,TOT,100000PER,A,2004,17.3,
AUT,SUICIDE,TOT,100000PER,A,2005,16.8,
AUT,SUICIDE,TOT,100000PER,A,2006,15.2,
AUT,SUICIDE,TOT,100000PER,A,2007,15.1,
AUT,SUICIDE,TOT,100000PER,A,2008,14.6,
AUT,SUICIDE,TOT,100000PER,A,2009,14.6,
AUT,SUICIDE,TOT,100000PER,A,2010,14.4,
AUT,SUICIDE,TOT,100000PER,A,2011,14.6,
AUT,SUICIDE,TOT,100000PER,A,2012,14.2,
AUT,SUICIDE,TOT,100000PER,A,2013,14.2,
AUT,SUICIDE,TOT,100000PER,A,2014,14.3,
AUT,SUICIDE,TOT,100000PER,A,2015,13.4,
AUT,SUICIDE,TOT,100000PER,A,2016,12.7,
AUT,SUICIDE,TOT,100000PER,A,2017,12.8,
AUT,SUICIDE,TOT,100000PER,A,2018,12.5,
AUT,SUICIDE,TOT,100000PER,A,2019,11.4,
AUT,SUICIDE,TOT,100000PER,A,2020,10.8,
BEL,SUICIDE,TOT,100000PER,A,1960,17.1,
BEL,SUICIDE,TOT,100000PER,A,1961,17,
BEL,SUICIDE,TOT,100000PER,A,1962,15.8,
BEL,SUICIDE,TOT,100000PER,A,1963,16.4,
BEL,SUICIDE,TOT,100000PER,A,1964,16.2,
BEL,SUICIDE,TOT,100000PER,A,1965,17.5,
BEL,SUICIDE,TOT,100000PER,A,1966,16.8,
BEL,SUICIDE,TOT,100000PER,A,1967,17.4,
BEL,SUICIDE,TOT,100000PER,A,1968,18,B
BEL,SUICIDE,TOT,100000PER,A,1969,17.6,
BEL,SUICIDE,TOT,100000PER,A,1970,19.1,
BEL,SUICIDE,TOT,100000PER,A,1971,17.8,
BEL,SUICIDE,TOT,100000PER,A,1972,17.8,
BEL,SUICIDE,TOT,100000PER,A,1973,17.2,
BEL,SUICIDE,TOT,100000PER,A,1974,17.8,
BEL,SUICIDE,TOT,100000PER,A,1975,18.3,
BEL,SUICIDE,TOT,100000PER,A,1976,18.7,
BEL,SUICIDE,TOT,100000PER,A,1977,21.1,
BEL,SUICIDE,TOT,100000PER,A,1978,22.9,
BEL,SUICIDE,TOT,100000PER,A,1979,23.6,B
BEL,SUICIDE,TOT,100000PER,A,1980,24.3,
BEL,SUICIDE,TOT,100000PER,A,1981,23.8,
BEL,SUICIDE,TOT,100000PER,A,1982,23.6,
BEL,SUICIDE,TOT,100000PER,A,1983,24.6,
BEL,SUICIDE,TOT,100000PER,A,1984,25.4,
BEL,SUICIDE,TOT,100000PER,A,1985,24.7,
BEL,SUICIDE,TOT,100000PER,A,1986,23.5,
BEL,SUICIDE,TOT,100000PER,A,1987,23.8,
BEL,SUICIDE,TOT,100000PER,A,1988,21.2,
BEL,SUICIDE,TOT,100000PER,A,1989,20.1,
BEL,SUICIDE,TOT,100000PER,A,1990,19.8,
BEL,SUICIDE,TOT,100000PER,A,1991,18.6,
BEL,SUICIDE,TOT,100000PER,A,1992,19.2,
BEL,SUICIDE,TOT,100000PER,A,1993,21.8,
BEL,SUICIDE,TOT,100000PER,A,1994,21.5,
BEL,SUICIDE,TOT,100000PER,A,1995,21.6,
BEL,SUICIDE,TOT,100000PER,A,1996,20,
BEL,SUICIDE,TOT,100000PER,A,1997,21.4,
BEL,SUICIDE,TOT,100000PER,A,1998,20,B
BEL,SUICIDE,TOT,100000PER,A,1999,18.2,
BEL,SUICIDE,TOT,100000PER,A,2000,20.9,
BEL,SUICIDE,TOT,100000PER,A,2001,21,
BEL,SUICIDE,TOT,100000PER,A,2002,20,
BEL,SUICIDE,TOT,100000PER,A,2003,20.1,
BEL,SUICIDE,TOT,100000PER,A,2004,18.8,
BEL,SUICIDE,TOT,100000PER,A,2005,19.1,
BEL,SUICIDE,TOT,100000PER,A,2006,18.1,
BEL,SUICIDE,TOT,100000PER,A,2007,17.1,
BEL,SUICIDE,TOT,100000PER,A,2008,18.3,
BEL,SUICIDE,TOT,100000PER,A,2009,18.3,
BEL,SUICIDE,TOT,100000PER,A,2010,18.2,
BEL,SUICIDE,TOT,100000PER,A,2011,18.6,
BEL,SUICIDE,TOT,100000PER,A,2012,17.9,
BEL,SUICIDE,TOT,100000PER,A,2013,16.6,
BEL,SUICIDE,TOT,100000PER,A,2014,16.5,
BEL,SUICIDE,TOT,100000PER,A,2015,16.2,
BEL,SUICIDE,TOT,100000PER,A,2016,16.3,
BEL,SUICIDE,TOT,100000PER,A,2017,14.8,
BEL,SUICIDE,TOT,100000PER,A,2018,15.2,
CAN,SUICIDE,TOT,100000PER,A,1960,10.3,
CAN,SUICIDE,TOT,100000PER,A,1961,10.4,
CAN,SUICIDE,TOT,100000PER,A,1962,9.7,
CAN,SUICIDE,TOT,100000PER,A,1963,10.3,
CAN,SUICIDE,TOT,100000PER,A,1964,11.1,
CAN,SUICIDE,TOT,100000PER,A,1965,11.9,
CAN,SUICIDE,TOT,100000PER,A,1966,11.4,
CAN,SUICIDE,TOT,100000PER,A,1967,11.8,
CAN,SUICIDE,TOT,100000PER,A,1968,12.5,
CAN,SUICIDE,TOT,100000PER,A,1969,13.8,B
CAN,SUICIDE,TOT,100000PER,A,1970,14.1,
CAN,SUICIDE,TOT,100000PER,A,1971,14.6,
CAN,SUICIDE,TOT,100000PER,A,1972,14.5,
CAN,SUICIDE,TOT,100000PER,A,1973,15,
CAN,SUICIDE,TOT,100000PER,A,1974,14.9,
CAN,SUICIDE,TOT,100000PER,A,1975,14.1,
CAN,SUICIDE,TOT,100000PER,A,1976,14.4,
CAN,SUICIDE,TOT,100000PER,A,1977,15.7,
CAN,SUICIDE,TOT,100000PER,A,1978,16.3,
CAN,SUICIDE,TOT,100000PER,A,1979,15.2,B
CAN,SUICIDE,TOT,100000PER,A,1980,15.3,
CAN,SUICIDE,TOT,100000PER,A,1981,15.2,
CAN,SUICIDE,TOT,100000PER,A,1982,15.5,
CAN,SUICIDE,TOT,100000PER,A,1983,16.1,
CAN,SUICIDE,TOT,100000PER,A,1984,14.6,
CAN,SUICIDE,TOT,100000PER,A,1985,13.5,
CAN,SUICIDE,TOT,100000PER,A,1986,15.1,
CAN,SUICIDE,TOT,100000PER,A,1987,14.7,
CAN,SUICIDE,TOT,100000PER,A,1988,14,
CAN,SUICIDE,TOT,100000PER,A,1989,13.8,
CAN,SUICIDE,TOT,100000PER,A,1990,12.9,
CAN,SUICIDE,TOT,100000PER,A,1991,13.4,
CAN,SUICIDE,TOT,100000PER,A,1992,13.3,
CAN,SUICIDE,TOT,100000PER,A,1993,13.4,
CAN,SUICIDE,TOT,100000PER,A,1994,13.1,
CAN,SUICIDE,TOT,100000PER,A,1995,13.5,
CAN,SUICIDE,TOT,100000PER,A,1996,13.4,
CAN,SUICIDE,TOT,100000PER,A,1997,12.4,
CAN,SUICIDE,TOT,100000PER,A,1998,12.3,
CAN,SUICIDE,TOT,100000PER,A,1999,13.3,
CAN,SUICIDE,TOT,100000PER,A,2000,11.6,B
CAN,SUICIDE,TOT,100000PER,A,2001,11.8,
CAN,SUICIDE,TOT,100000PER,A,2002,11.6,
CAN,SUICIDE,TOT,100000PER,A,2003,11.8,
CAN,SUICIDE,TOT,100000PER,A,2004,11.2,
CAN,SUICIDE,TOT,100000PER,A,2005,11.3,
CAN,SUICIDE,TOT,100000PER,A,2006,11,
CAN,SUICIDE,TOT,100000PER,A,2007,10.7,
CAN,SUICIDE,TOT,100000PER,A,2008,10.9,
CAN,SUICIDE,TOT,100000PER,A,2009,11.2,
CAN,SUICIDE,TOT,100000PER,A,2010,11.3,
CAN,SUICIDE,TOT,100000PER,A,2011,10.9,
CAN,SUICIDE,TOT,100000PER,A,2012,11,
CAN,SUICIDE,TOT,100000PER,A,2013,11.2,
CAN,SUICIDE,TOT,100000PER,A,2014,11.7,
CAN,SUICIDE,TOT,100000PER,A,2015,12,
CAN,SUICIDE,TOT,100000PER,A,2016,10.7,
CAN,SUICIDE,TOT,100000PER,A,2017,11.1,
CAN,SUICIDE,TOT,100000PER,A,2018,10.1,
CAN,SUICIDE,TOT,100000PER,A,2019,10.5,
CZE,SUICIDE,TOT,100000PER,A,1986,24.2,
CZE,SUICIDE,TOT,100000PER,A,1987,21.4,
CZE,SUICIDE,TOT,100000PER,A,1988,21.7,
CZE,SUICIDE,TOT,100000PER,A,1989,21.2,
CZE,SUICIDE,TOT,100000PER,A,1990,22.3,
CZE,SUICIDE,TOT,100000PER,A,1991,20.8,
CZE,SUICIDE,TOT,100000PER,A,1992,21.4,
CZE,SUICIDE,TOT,100000PER,A,1993,20.6,
CZE,SUICIDE,TOT,100000PER,A,1994,19.8,B
CZE,SUICIDE,TOT,100000PER,A,1995,18.2,
CZE,SUICIDE,TOT,100000PER,A,1996,16.3,
CZE,SUICIDE,TOT,100000PER,A,1997,17,
CZE,SUICIDE,TOT,100000PER,A,1998,16.4,
CZE,SUICIDE,TOT,100000PER,A,1999,16.4,
CZE,SUICIDE,TOT,100000PER,A,2000,16.5,
CZE,SUICIDE,TOT,100000PER,A,2001,16.1,
CZE,SUICIDE,TOT,100000PER,A,2002,15.3,
CZE,SUICIDE,TOT,100000PER,A,2003,17.1,
CZE,SUICIDE,TOT,100000PER,A,2004,15.4,
CZE,SUICIDE,TOT,100000PER,A,2005,15.2,
CZE,SUICIDE,TOT,100000PER,A,2006,13.4,
CZE,SUICIDE,TOT,100000PER,A,2007,13.1,
CZE,SUICIDE,TOT,100000PER,A,2008,13,
CZE,SUICIDE,TOT,100000PER,A,2009,13.6,
CZE,SUICIDE,TOT,100000PER,A,2010,13.9,
CZE,SUICIDE,TOT,100000PER,A,2011,14.7,
CZE,SUICIDE,TOT,100000PER,A,2012,15.2,
CZE,SUICIDE,TOT,100000PER,A,2013,14.5,
CZE,SUICIDE,TOT,100000PER,A,2014,13.7,
CZE,SUICIDE,TOT,100000PER,A,2015,12.6,
CZE,SUICIDE,TOT,100000PER,A,2016,12,
CZE,SUICIDE,TOT,100000PER,A,2017,12.8,
CZE,SUICIDE,TOT,100000PER,A,2018,12.3,
CZE,SUICIDE,TOT,100000PER,A,2019,10.7,
CZE,SUICIDE,TOT,100000PER,A,2020,10.9,
DNK,SUICIDE,TOT,100000PER,A,1960,23.5,
DNK,SUICIDE,TOT,100000PER,A,1961,19.7,
DNK,SUICIDE,TOT,100000PER,A,1962,22.4,
DNK,SUICIDE,TOT,100000PER,A,1963,22.1,
DNK,SUICIDE,TOT,100000PER,A,1964,24.4,
DNK,SUICIDE,TOT,100000PER,A,1965,22.2,
DNK,SUICIDE,TOT,100000PER,A,1966,20.4,
DNK,SUICIDE,TOT,100000PER,A,1967,20.1,
DNK,SUICIDE,TOT,100000PER,A,1968,23.5,
DNK,SUICIDE,TOT,100000PER,A,1969,23.9,B
DNK,SUICIDE,TOT,100000PER,A,1970,24.4,
DNK,SUICIDE,TOT,100000PER,A,1971,28.2,
DNK,SUICIDE,TOT,100000PER,A,1972,27.2,
DNK,SUICIDE,TOT,100000PER,A,1973,27.1,
DNK,SUICIDE,TOT,100000PER,A,1974,29.7,
DNK,SUICIDE,TOT,100000PER,A,1975,27.2,
DNK,SUICIDE,TOT,100000PER,A,1976,26.7,
DNK,SUICIDE,TOT,100000PER,A,1977,26.9,
DNK,SUICIDE,TOT,100000PER,A,1978,26,
DNK,SUICIDE,TOT,100000PER,A,1979,28.5,
DNK,SUICIDE,TOT,100000PER,A,1980,34.8,
DNK,SUICIDE,TOT,100000PER,A,1981,32.8,
DNK,SUICIDE,TOT,100000PER,A,1982,31.4,
DNK,SUICIDE,TOT,100000PER,A,1983,30.7,
DNK,SUICIDE,TOT,100000PER,A,1984,30.7,
DNK,SUICIDE,TOT,100000PER,A,1985,29.5,
DNK,SUICIDE,TOT,100000PER,A,1986,29.3,
DNK,SUICIDE,TOT,100000PER,A,1987,29.3,
DNK,SUICIDE,TOT,100000PER,A,1988,27.2,
DNK,SUICIDE,TOT,100000PER,A,1989,28.1,
DNK,SUICIDE,TOT,100000PER,A,1990,25,
DNK,SUICIDE,TOT,100000PER,A,1991,23.2,
DNK,SUICIDE,TOT,100000PER,A,1992,22.8,
DNK,SUICIDE,TOT,100000PER,A,1993,23,
DNK,SUICIDE,TOT,100000PER,A,1994,19.6,B
DNK,SUICIDE,TOT,100000PER,A,1995,18.1,
DNK,SUICIDE,TOT,100000PER,A,1996,17.4,
DNK,SUICIDE,TOT,100000PER,A,1997,15.9,
DNK,SUICIDE,TOT,100000PER,A,1998,14.6,
DNK,SUICIDE,TOT,100000PER,A,1999,14.6,
DNK,SUICIDE,TOT,100000PER,A,2000,13.9,
DNK,SUICIDE,TOT,100000PER,A,2001,13.8,
DNK,SUICIDE,TOT,100000PER,A,2002,13,
DNK,SUICIDE,TOT,100000PER,A,2003,11.9,
DNK,SUICIDE,TOT,100000PER,A,2004,12.3,
DNK,SUICIDE,TOT,100000PER,A,2005,11.8,
DNK,SUICIDE,TOT,100000PER,A,2006,12,
DNK,SUICIDE,TOT,100000PER,A,2007,10.6,
DNK,SUICIDE,TOT,100000PER,A,2008,11,
DNK,SUICIDE,TOT,100000PER,A,2009,11.2,
DNK,SUICIDE,TOT,100000PER,A,2010,10.1,
DNK,SUICIDE,TOT,100000PER,A,2011,10.5,
DNK,SUICIDE,TOT,100000PER,A,2012,11.6,
DNK,SUICIDE,TOT,100000PER,A,2013,10.6,
DNK,SUICIDE,TOT,100000PER,A,2014,11,
DNK,SUICIDE,TOT,100000PER,A,2015,9.7,
DNK,SUICIDE,TOT,100000PER,A,2016,9.9,
DNK,SUICIDE,TOT,100000PER,A,2017,9.8,
DNK,SUICIDE,TOT,100000PER,A,2018,9.7,
FIN,SUICIDE,TOT,100000PER,A,1960,25,
FIN,SUICIDE,TOT,100000PER,A,1961,25.5,
FIN,SUICIDE,TOT,100000PER,A,1962,26.1,
FIN,SUICIDE,TOT,100000PER,A,1963,23.2,
FIN,SUICIDE,TOT,100000PER,A,1964,24.6,
FIN,SUICIDE,TOT,100000PER,A,1965,23.8,
FIN,SUICIDE,TOT,100000PER,A,1966,23.2,
FIN,SUICIDE,TOT,100000PER,A,1967,24,
FIN,SUICIDE,TOT,100000PER,A,1968,25.9,
FIN,SUICIDE,TOT,100000PER,A,1969,27.4,B
FIN,SUICIDE,TOT,100000PER,A,1970,24.3,
FIN,SUICIDE,TOT,100000PER,A,1971,24.2,
FIN,SUICIDE,TOT,100000PER,A,1972,26.5,
FIN,SUICIDE,TOT,100000PER,A,1973,25.7,
FIN,SUICIDE,TOT,100000PER,A,1974,26.8,
FIN,SUICIDE,TOT,100000PER,A,1975,26.9,
FIN,SUICIDE,TOT,100000PER,A,1976,27.1,
FIN,SUICIDE,TOT,100000PER,A,1977,27.3,
FIN,SUICIDE,TOT,100000PER,A,1978,27.4,
FIN,SUICIDE,TOT,100000PER,A,1979,26.1,
FIN,SUICIDE,TOT,100000PER,A,1980,26.5,
FIN,SUICIDE,TOT,100000PER,A,1981,24.7,
FIN,SUICIDE,TOT,100000PER,A,1982,25,
FIN,SUICIDE,TOT,100000PER,A,1983,25,
FIN,SUICIDE,TOT,100000PER,A,1984,26.2,
FIN,SUICIDE,TOT,100000PER,A,1985,25.4,
FIN,SUICIDE,TOT,100000PER,A,1986,27.6,
FIN,SUICIDE,TOT,100000PER,A,1987,28,B
FIN,SUICIDE,TOT,100000PER,A,1988,28.9,
FIN,SUICIDE,TOT,100000PER,A,1989,29.1,
FIN,SUICIDE,TOT,100000PER,A,1990,30.6,
FIN,SUICIDE,TOT,100000PER,A,1991,30.2,
FIN,SUICIDE,TOT,100000PER,A,1992,28.9,
FIN,SUICIDE,TOT,100000PER,A,1993,27.8,
FIN,SUICIDE,TOT,100000PER,A,1994,27.4,
FIN,SUICIDE,TOT,100000PER,A,1995,27.3,
FIN,SUICIDE,TOT,100000PER,A,1996,24.3,B
FIN,SUICIDE,TOT,100000PER,A,1997,25.8,
FIN,SUICIDE,TOT,100000PER,A,1998,23.9,
FIN,SUICIDE,TOT,100000PER,A,1999,23.4,
FIN,SUICIDE,TOT,100000PER,A,2000,22.4,
FIN,SUICIDE,TOT,100000PER,A,2001,23.1,
FIN,SUICIDE,TOT,100000PER,A,2002,21,
FIN,SUICIDE,TOT,100000PER,A,2003,20.4,
FIN,SUICIDE,TOT,100000PER,A,2004,20.3,
FIN,SUICIDE,TOT,100000PER,A,2005,18.6,
FIN,SUICIDE,TOT,100000PER,A,2006,19.9,
FIN,SUICIDE,TOT,100000PER,A,2007,18.5,
FIN,SUICIDE,TOT,100000PER,A,2008,19.3,
FIN,SUICIDE,TOT,100000PER,A,2009,19.1,
FIN,SUICIDE,TOT,100000PER,A,2010,17.6,
FIN,SUICIDE,TOT,100000PER,A,2011,16.6,
FIN,SUICIDE,TOT,100000PER,A,2012,15.9,
FIN,SUICIDE,TOT,100000PER,A,2013,16.1,
FIN,SUICIDE,TOT,100000PER,A,2014,14.3,
FIN,SUICIDE,TOT,100000PER,A,2016,14.1,
FIN,SUICIDE,TOT,100000PER,A,2017,14.8,
FIN,SUICIDE,TOT,100000PER,A,2018,14.4,
FIN,SUICIDE,TOT,100000PER,A,2019,13.4,
FRA,SUICIDE,TOT,100000PER,A,1960,19,
FRA,SUICIDE,TOT,100000PER,A,1961,19,
FRA,SUICIDE,TOT,100000PER,A,1962,18.1,
FRA,SUICIDE,TOT,100000PER,A,1963,18.7,
FRA,SUICIDE,TOT,100000PER,A,1964,17.9,
FRA,SUICIDE,TOT,100000PER,A,1965,18,
FRA,SUICIDE,TOT,100000PER,A,1966,18.7,
FRA,SUICIDE,TOT,100000PER,A,1967,18.6,
FRA,SUICIDE,TOT,100000PER,A,1968,18.2,B
FRA,SUICIDE,TOT,100000PER,A,1969,18.4,
FRA,SUICIDE,TOT,100000PER,A,1970,18,
FRA,SUICIDE,TOT,100000PER,A,1971,17.9,
FRA,SUICIDE,TOT,100000PER,A,1972,18.8,
FRA,SUICIDE,TOT,100000PER,A,1973,18,
FRA,SUICIDE,TOT,100000PER,A,1974,18,
FRA,SUICIDE,TOT,100000PER,A,1975,18,
FRA,SUICIDE,TOT,100000PER,A,1976,17.9,
FRA,SUICIDE,TOT,100000PER,A,1977,18.5,
FRA,SUICIDE,TOT,100000PER,A,1978,19.4,
FRA,SUICIDE,TOT,100000PER,A,1979,20.8,B
FRA,SUICIDE,TOT,100000PER,A,1980,21.5,
FRA,SUICIDE,TOT,100000PER,A,1981,21.6,
FRA,SUICIDE,TOT,100000PER,A,1982,23.1,
FRA,SUICIDE,TOT,100000PER,A,1983,23.9,
FRA,SUICIDE,TOT,100000PER,A,1984,24.2,
FRA,SUICIDE,TOT,100000PER,A,1985,24.7,
FRA,SUICIDE,TOT,100000PER,A,1986,25.1,
FRA,SUICIDE,TOT,100000PER,A,1987,23.7,
FRA,SUICIDE,TOT,100000PER,A,1988,22.3,
FRA,SUICIDE,TOT,100000PER,A,1989,22.3,
FRA,SUICIDE,TOT,100000PER,A,1990,21.5,
FRA,SUICIDE,TOT,100000PER,A,1991,21.4,
FRA,SUICIDE,TOT,100000PER,A,1992,21.4,
FRA,SUICIDE,TOT,100000PER,A,1993,22.2,
FRA,SUICIDE,TOT,100000PER,A,1994,21.6,
FRA,SUICIDE,TOT,100000PER,A,1995,21,
FRA,SUICIDE,TOT,100000PER,A,1996,19.9,
FRA,SUICIDE,TOT,100000PER,A,1997,19.5,
FRA,SUICIDE,TOT,100000PER,A,1998,18.6,
FRA,SUICIDE,TOT,100000PER,A,1999,18,
FRA,SUICIDE,TOT,100000PER,A,2000,18.8,B
FRA,SUICIDE,TOT,100000PER,A,2001,18,
FRA,SUICIDE,TOT,100000PER,A,2002,18.1,
FRA,SUICIDE,TOT,100000PER,A,2003,18.3,
FRA,SUICIDE,TOT,100000PER,A,2004,18,
FRA,SUICIDE,TOT,100000PER,A,2005,17.7,
FRA,SUICIDE,TOT,100000PER,A,2006,17,
FRA,SUICIDE,TOT,100000PER,A,2007,16.3,
FRA,SUICIDE,TOT,100000PER,A,2008,16.5,
FRA,SUICIDE,TOT,100000PER,A,2009,16.7,
FRA,SUICIDE,TOT,100000PER,A,2010,16.3,
FRA,SUICIDE,TOT,100000PER,A,2011,16.2,
FRA,SUICIDE,TOT,100000PER,A,2012,15.1,
FRA,SUICIDE,TOT,100000PER,A,2013,14.8,
FRA,SUICIDE,TOT,100000PER,A,2014,13.5,
FRA,SUICIDE,TOT,100000PER,A,2015,13.6,
FRA,SUICIDE,TOT,100000PER,A,2016,12.7,
FRA,SUICIDE,TOT,100000PER,A,2017,12.3,
DEU,SUICIDE,TOT,100000PER,A,1990,17.7,
DEU,SUICIDE,TOT,100000PER,A,1991,17.7,
DEU,SUICIDE,TOT,100000PER,A,1992,16.8,
DEU,SUICIDE,TOT,100000PER,A,1993,15.8,
DEU,SUICIDE,TOT,100000PER,A,1994,15.7,
DEU,SUICIDE,TOT,100000PER,A,1995,15.8,
DEU,SUICIDE,TOT,100000PER,A,1996,14.9,
DEU,SUICIDE,TOT,100000PER,A,1997,14.8,
DEU,SUICIDE,TOT,100000PER,A,1998,14.1,B
DEU,SUICIDE,TOT,100000PER,A,1999,13.4,
DEU,SUICIDE,TOT,100000PER,A,2000,13.2,
DEU,SUICIDE,TOT,100000PER,A,2001,13.2,
DEU,SUICIDE,TOT,100000PER,A,2002,13.1,
DEU,SUICIDE,TOT,100000PER,A,2003,13,
DEU,SUICIDE,TOT,100000PER,A,2004,12.4,
DEU,SUICIDE,TOT,100000PER,A,2005,11.8,
DEU,SUICIDE,TOT,100000PER,A,2006,11.1,
DEU,SUICIDE,TOT,100000PER,A,2007,10.6,
DEU,SUICIDE,TOT,100000PER,A,2008,10.6,
DEU,SUICIDE,TOT,100000PER,A,2009,10.7,
DEU,SUICIDE,TOT,100000PER,A,2010,11.2,
DEU,SUICIDE,TOT,100000PER,A,2011,11.2,
DEU,SUICIDE,TOT,100000PER,A,2012,10.8,
DEU,SUICIDE,TOT,100000PER,A,2013,11.2,
DEU,SUICIDE,TOT,100000PER,A,2014,11.2,
DEU,SUICIDE,TOT,100000PER,A,2015,10.9,
DEU,SUICIDE,TOT,100000PER,A,2016,10.6,
DEU,SUICIDE,TOT,100000PER,A,2017,9.9,
DEU,SUICIDE,TOT,100000PER,A,2018,10,
DEU,SUICIDE,TOT,100000PER,A,2019,9.6,
DEU,SUICIDE,TOT,100000PER,A,2020,9.7,
GRC,SUICIDE,TOT,100000PER,A,1961,5.4,
GRC,SUICIDE,TOT,100000PER,A,1962,4.1,
GRC,SUICIDE,TOT,100000PER,A,1963,4.7,
GRC,SUICIDE,TOT,100000PER,A,1964,3.9,
GRC,SUICIDE,TOT,100000PER,A,1965,3.9,
GRC,SUICIDE,TOT,100000PER,A,1966,3.8,
GRC,SUICIDE,TOT,100000PER,A,1967,4.3,
GRC,SUICIDE,TOT,100000PER,A,1968,4.5,B
GRC,SUICIDE,TOT,100000PER,A,1969,4.4,
GRC,SUICIDE,TOT,100000PER,A,1970,3.8,
GRC,SUICIDE,TOT,100000PER,A,1971,4,
GRC,SUICIDE,TOT,100000PER,A,1972,3.3,
GRC,SUICIDE,TOT,100000PER,A,1973,3.5,
GRC,SUICIDE,TOT,100000PER,A,1974,4,
GRC,SUICIDE,TOT,100000PER,A,1975,3.1,
GRC,SUICIDE,TOT,100000PER,A,1976,3.2,
GRC,SUICIDE,TOT,100000PER,A,1977,3.8,
GRC,SUICIDE,TOT,100000PER,A,1978,3.3,
GRC,SUICIDE,TOT,100000PER,A,1979,3.3,B
GRC,SUICIDE,TOT,100000PER,A,1980,3.8,
GRC,SUICIDE,TOT,100000PER,A,1981,3.7,
GRC,SUICIDE,TOT,100000PER,A,1982,3.9,
GRC,SUICIDE,TOT,100000PER,A,1983,4,
GRC,SUICIDE,TOT,100000PER,A,1984,4.2,
GRC,SUICIDE,TOT,100000PER,A,1985,4.4,
GRC,SUICIDE,TOT,100000PER,A,1986,4.2,
GRC,SUICIDE,TOT,100000PER,A,1987,4.4,
GRC,SUICIDE,TOT,100000PER,A,1988,4.3,
GRC,SUICIDE,TOT,100000PER,A,1989,4,
GRC,SUICIDE,TOT,100000PER,A,1990,3.6,
GRC,SUICIDE,TOT,100000PER,A,1991,3.9,
GRC,SUICIDE,TOT,100000PER,A,1992,3.6,
GRC,SUICIDE,TOT,100000PER,A,1993,4.1,
GRC,SUICIDE,TOT,100000PER,A,1994,3.5,
GRC,SUICIDE,TOT,100000PER,A,1995,3.6,
GRC,SUICIDE,TOT,100000PER,A,1996,3.4,
GRC,SUICIDE,TOT,100000PER,A,1997,3.5,
GRC,SUICIDE,TOT,100000PER,A,1998,3.8,
GRC,SUICIDE,TOT,100000PER,A,1999,3.5,
GRC,SUICIDE,TOT,100000PER,A,2000,3.5,
GRC,SUICIDE,TOT,100000PER,A,2001,3,
GRC,SUICIDE,TOT,100000PER,A,2002,2.9,
GRC,SUICIDE,TOT,100000PER,A,2003,3.3,
GRC,SUICIDE,TOT,100000PER,A,2004,3.1,
GRC,SUICIDE,TOT,100000PER,A,2005,3.5,
GRC,SUICIDE,TOT,100000PER,A,2006,3.4,
GRC,SUICIDE,TOT,100000PER,A,2007,2.8,
GRC,SUICIDE,TOT,100000PER,A,2008,3.1,
GRC,SUICIDE,TOT,100000PER,A,2009,3.3,
GRC,SUICIDE,TOT,100000PER,A,2010,3.2,
GRC,SUICIDE,TOT,100000PER,A,2011,4,
GRC,SUICIDE,TOT,100000PER,A,2012,4.3,
GRC,SUICIDE,TOT,100000PER,A,2013,4.6,
GRC,SUICIDE,TOT,100000PER,A,2014,4.9,
GRC,SUICIDE,TOT,100000PER,A,2015,4.6,
GRC,SUICIDE,TOT,100000PER,A,2016,4.1,
GRC,SUICIDE,TOT,100000PER,A,2017,4.5,
GRC,SUICIDE,TOT,100000PER,A,2018,4.9,
GRC,SUICIDE,TOT,100000PER,A,2019,4.6,
HUN,SUICIDE,TOT,100000PER,A,1960,30.6,
HUN,SUICIDE,TOT,100000PER,A,1961,31.3,
HUN,SUICIDE,TOT,100000PER,A,1962,30.7,
HUN,SUICIDE,TOT,100000PER,A,1963,32.9,
HUN,SUICIDE,TOT,100000PER,A,1964,34.8,
HUN,SUICIDE,TOT,100000PER,A,1965,36,
HUN,SUICIDE,TOT,100000PER,A,1966,35.2,
HUN,SUICIDE,TOT,100000PER,A,1967,36.8,
HUN,SUICIDE,TOT,100000PER,A,1968,39.5,
HUN,SUICIDE,TOT,100000PER,A,1969,38.6,B
HUN,SUICIDE,TOT,100000PER,A,1970,40.3,
HUN,SUICIDE,TOT,100000PER,A,1971,42,
HUN,SUICIDE,TOT,100000PER,A,1972,41.9,
HUN,SUICIDE,TOT,100000PER,A,1973,42.6,
HUN,SUICIDE,TOT,100000PER,A,1974,46.4,
HUN,SUICIDE,TOT,100000PER,A,1975,43.7,
HUN,SUICIDE,TOT,100000PER,A,1976,46.5,
HUN,SUICIDE,TOT,100000PER,A,1977,45.8,
HUN,SUICIDE,TOT,100000PER,A,1978,49.2,
HUN,SUICIDE,TOT,100000PER,A,1979,50.7,B
HUN,SUICIDE,TOT,100000PER,A,1980,51.1,
HUN,SUICIDE,TOT,100000PER,A,1981,51.6,
HUN,SUICIDE,TOT,100000PER,A,1982,49,
HUN,SUICIDE,TOT,100000PER,A,1983,51.4,
HUN,SUICIDE,TOT,100000PER,A,1984,51.2,
HUN,SUICIDE,TOT,100000PER,A,1985,49.2,
HUN,SUICIDE,TOT,100000PER,A,1986,50,
HUN,SUICIDE,TOT,100000PER,A,1987,49.6,
HUN,SUICIDE,TOT,100000PER,A,1988,45.2,
HUN,SUICIDE,TOT,100000PER,A,1989,45.3,
HUN,SUICIDE,TOT,100000PER,A,1990,43.9,
HUN,SUICIDE,TOT,100000PER,A,1991,42.1,
HUN,SUICIDE,TOT,100000PER,A,1992,41.8,
HUN,SUICIDE,TOT,100000PER,A,1993,38.6,
HUN,SUICIDE,TOT,100000PER,A,1994,37.9,
HUN,SUICIDE,TOT,100000PER,A,1995,35,
HUN,SUICIDE,TOT,100000PER,A,1996,35.5,B
HUN,SUICIDE,TOT,100000PER,A,1997,33.4,
HUN,SUICIDE,TOT,100000PER,A,1998,33.1,
HUN,SUICIDE,TOT,100000PER,A,1999,35,
HUN,SUICIDE,TOT,100000PER,A,2000,34.1,
HUN,SUICIDE,TOT,100000PER,A,2001,30.1,
HUN,SUICIDE,TOT,100000PER,A,2002,28.6,
HUN,SUICIDE,TOT,100000PER,A,2003,28.1,
HUN,SUICIDE,TOT,100000PER,A,2004,27.3,
HUN,SUICIDE,TOT,100000PER,A,2005,26.1,
HUN,SUICIDE,TOT,100000PER,A,2006,24.3,
HUN,SUICIDE,TOT,100000PER,A,2007,24.2,
HUN,SUICIDE,TOT,100000PER,A,2008,24.3,
HUN,SUICIDE,TOT,100000PER,A,2009,24.1,
HUN,SUICIDE,TOT,100000PER,A,2010,24.3,
HUN,SUICIDE,TOT,100000PER,A,2011,23.6,
HUN,SUICIDE,TOT,100000PER,A,2012,22.8,
HUN,SUICIDE,TOT,100000PER,A,2013,20.2,
HUN,SUICIDE,TOT,100000PER,A,2014,18.5,
HUN,SUICIDE,TOT,100000PER,A,2015,18,
HUN,SUICIDE,TOT,100000PER,A,2016,16.9,
HUN,SUICIDE,TOT,100000PER,A,2017,15.7,
HUN,SUICIDE,TOT,100000PER,A,2018,15.9,
HUN,SUICIDE,TOT,100000PER,A,2019,14.8,
ISL,SUICIDE,TOT,100000PER,A,1960,10.8,
ISL,SUICIDE,TOT,100000PER,A,1961,13.6,
ISL,SUICIDE,TOT,100000PER,A,1962,11.9,
ISL,SUICIDE,TOT,100000PER,A,1963,10.8,
ISL,SUICIDE,TOT,100000PER,A,1964,12.4,
ISL,SUICIDE,TOT,100000PER,A,1965,16.8,
ISL,SUICIDE,TOT,100000PER,A,1966,24.7,
ISL,SUICIDE,TOT,100000PER,A,1967,23.3,
ISL,SUICIDE,TOT,100000PER,A,1968,10,
ISL,SUICIDE,TOT,100000PER,A,1969,12.7,
ISL,SUICIDE,TOT,100000PER,A,1970,17.7,
ISL,SUICIDE,TOT,100000PER,A,1971,6.6,B
ISL,SUICIDE,TOT,100000PER,A,1972,10.7,
ISL,SUICIDE,TOT,100000PER,A,1973,16.6,
ISL,SUICIDE,TOT,100000PER,A,1974,12.9,
ISL,SUICIDE,TOT,100000PER,A,1975,13.1,
ISL,SUICIDE,TOT,100000PER,A,1976,10.9,
ISL,SUICIDE,TOT,100000PER,A,1977,11.3,
ISL,SUICIDE,TOT,100000PER,A,1978,12.4,
ISL,SUICIDE,TOT,100000PER,A,1979,16.4,
ISL,SUICIDE,TOT,100000PER,A,1980,13,
ISL,SUICIDE,TOT,100000PER,A,1981,7.8,B
ISL,SUICIDE,TOT,100000PER,A,1982,10.2,
ISL,SUICIDE,TOT,100000PER,A,1983,20.6,
ISL,SUICIDE,TOT,100000PER,A,1984,21.5,
ISL,SUICIDE,TOT,100000PER,A,1985,15.7,
ISL,SUICIDE,TOT,100000PER,A,1986,18.1,
ISL,SUICIDE,TOT,100000PER,A,1987,18.4,
ISL,SUICIDE,TOT,100000PER,A,1988,16.7,
ISL,SUICIDE,TOT,100000PER,A,1989,9.8,
ISL,SUICIDE,TOT,100000PER,A,1990,16.3,
ISL,SUICIDE,TOT,100000PER,A,1991,15.4,
ISL,SUICIDE,TOT,100000PER,A,1992,11.6,
ISL,SUICIDE,TOT,100000PER,A,1993,11,
ISL,SUICIDE,TOT,100000PER,A,1994,10.4,
ISL,SUICIDE,TOT,100000PER,A,1995,11,
ISL,SUICIDE,TOT,100000PER,A,1996,13.5,B
ISL,SUICIDE,TOT,100000PER,A,1997,14,
ISL,SUICIDE,TOT,100000PER,A,1998,11.5,
ISL,SUICIDE,TOT,100000PER,A,1999,11.3,
ISL,SUICIDE,TOT,100000PER,A,2000,18.1,
ISL,SUICIDE,TOT,100000PER,A,2001,12.8,
ISL,SUICIDE,TOT,100000PER,A,2002,10.4,
ISL,SUICIDE,TOT,100000PER,A,2003,9.9,
ISL,SUICIDE,TOT,100000PER,A,2004,12.6,
ISL,SUICIDE,TOT,100000PER,A,2005,11.6,
ISL,SUICIDE,TOT,100000PER,A,2006,10.9,
ISL,SUICIDE,TOT,100000PER,A,2007,12,
ISL,SUICIDE,TOT,100000PER,A,2008,12.8,
ISL,SUICIDE,TOT,100000PER,A,2009,12,
ISL,SUICIDE,TOT,100000PER,A,2010,15,
ISL,SUICIDE,TOT,100000PER,A,2011,8.9,
ISL,SUICIDE,TOT,100000PER,A,2012,11.9,
ISL,SUICIDE,TOT,100000PER,A,2013,16.3,
ISL,SUICIDE,TOT,100000PER,A,2014,14.1,
ISL,SUICIDE,TOT,100000PER,A,2015,12.4,
ISL,SUICIDE,TOT,100000PER,A,2016,12.2,
ISL,SUICIDE,TOT,100000PER,A,2017,9.8,
ISL,SUICIDE,TOT,100000PER,A,2018,9.8,
ISL,SUICIDE,TOT,100000PER,A,2019,11.2,
ISL,SUICIDE,TOT,100000PER,A,2020,12.7,
IRL,SUICIDE,TOT,100000PER,A,1960,3.7,
IRL,SUICIDE,TOT,100000PER,A,1961,3.9,
IRL,SUICIDE,TOT,100000PER,A,1962,2.3,
IRL,SUICIDE,TOT,100000PER,A,1963,3.1,
IRL,SUICIDE,TOT,100000PER,A,1964,2.6,
IRL,SUICIDE,TOT,100000PER,A,1965,2.2,
IRL,SUICIDE,TOT,100000PER,A,1966,3.1,
IRL,SUICIDE,TOT,100000PER,A,1967,3.1,
IRL,SUICIDE,TOT,100000PER,A,1968,3,B
IRL,SUICIDE,TOT,100000PER,A,1969,2.3,
IRL,SUICIDE,TOT,100000PER,A,1970,2.2,
IRL,SUICIDE,TOT,100000PER,A,1971,3.5,
IRL,SUICIDE,TOT,100000PER,A,1972,3.8,
IRL,SUICIDE,TOT,100000PER,A,1973,4.3,
IRL,SUICIDE,TOT,100000PER,A,1974,4.8,
IRL,SUICIDE,TOT,100000PER,A,1975,5.8,
IRL,SUICIDE,TOT,100000PER,A,1976,7,
IRL,SUICIDE,TOT,100000PER,A,1977,5.6,
IRL,SUICIDE,TOT,100000PER,A,1978,6,
IRL,SUICIDE,TOT,100000PER,A,1979,6.9,B
IRL,SUICIDE,TOT,100000PER,A,1980,8,
IRL,SUICIDE,TOT,100000PER,A,1981,8,
IRL,SUICIDE,TOT,100000PER,A,1982,8.6,
IRL,SUICIDE,TOT,100000PER,A,1983,9.7,
IRL,SUICIDE,TOT,100000PER,A,1984,8,
IRL,SUICIDE,TOT,100000PER,A,1985,9.3,
IRL,SUICIDE,TOT,100000PER,A,1986,9.5,
IRL,SUICIDE,TOT,100000PER,A,1987,8.4,
IRL,SUICIDE,TOT,100000PER,A,1988,8.9,
IRL,SUICIDE,TOT,100000PER,A,1989,9.4,
IRL,SUICIDE,TOT,100000PER,A,1990,11.1,
IRL,SUICIDE,TOT,100000PER,A,1991,11,
IRL,SUICIDE,TOT,100000PER,A,1992,11.4,
IRL,SUICIDE,TOT,100000PER,A,1993,10.1,
IRL,SUICIDE,TOT,100000PER,A,1994,12.1,
IRL,SUICIDE,TOT,100000PER,A,1995,11.9,
IRL,SUICIDE,TOT,100000PER,A,1996,11.6,
IRL,SUICIDE,TOT,100000PER,A,1997,13.1,
IRL,SUICIDE,TOT,100000PER,A,1998,13.7,
IRL,SUICIDE,TOT,100000PER,A,1999,11.7,
IRL,SUICIDE,TOT,100000PER,A,2000,12.3,
IRL,SUICIDE,TOT,100000PER,A,2001,12.9,
IRL,SUICIDE,TOT,100000PER,A,2002,11.4,
IRL,SUICIDE,TOT,100000PER,A,2003,11.5,
IRL,SUICIDE,TOT,100000PER,A,2004,11.6,
IRL,SUICIDE,TOT,100000PER,A,2005,10.9,
IRL,SUICIDE,TOT,100000PER,A,2006,10.7,
IRL,SUICIDE,TOT,100000PER,A,2007,10.5,B
IRL,SUICIDE,TOT,100000PER,A,2008,11.5,
IRL,SUICIDE,TOT,100000PER,A,2009,11.8,
IRL,SUICIDE,TOT,100000PER,A,2010,10.8,
IRL,SUICIDE,TOT,100000PER,A,2011,12.2,
IRL,SUICIDE,TOT,100000PER,A,2012,12.2,
IRL,SUICIDE,TOT,100000PER,A,2013,11.1,
IRL,SUICIDE,TOT,100000PER,A,2014,10.8,
IRL,SUICIDE,TOT,100000PER,A,2015,9.5,
IRL,SUICIDE,TOT,100000PER,A,2018,9.4,
ITA,SUICIDE,TOT,100000PER,A,1960,7.6,
ITA,SUICIDE,TOT,100000PER,A,1961,6.8,
ITA,SUICIDE,TOT,100000PER,A,1962,6.7,
ITA,SUICIDE,TOT,100000PER,A,1963,6.5,
ITA,SUICIDE,TOT,100000PER,A,1964,6.8,
ITA,SUICIDE,TOT,100000PER,A,1965,6.8,
ITA,SUICIDE,TOT,100000PER,A,1966,6.4,
ITA,SUICIDE,TOT,100000PER,A,1967,6.8,
ITA,SUICIDE,TOT,100000PER,A,1968,6.6,B
ITA,SUICIDE,TOT,100000PER,A,1969,6.6,
ITA,SUICIDE,TOT,100000PER,A,1970,7,
ITA,SUICIDE,TOT,100000PER,A,1971,7,
ITA,SUICIDE,TOT,100000PER,A,1972,7,
ITA,SUICIDE,TOT,100000PER,A,1973,7,
ITA,SUICIDE,TOT,100000PER,A,1974,6.4,
ITA,SUICIDE,TOT,100000PER,A,1975,6.6,
ITA,SUICIDE,TOT,100000PER,A,1976,6.6,
ITA,SUICIDE,TOT,100000PER,A,1977,7.3,
ITA,SUICIDE,TOT,100000PER,A,1978,7.4,
ITA,SUICIDE,TOT,100000PER,A,1979,7.9,B
ITA,SUICIDE,TOT,100000PER,A,1980,8.2,
ITA,SUICIDE,TOT,100000PER,A,1981,7.7,
ITA,SUICIDE,TOT,100000PER,A,1982,8.4,
ITA,SUICIDE,TOT,100000PER,A,1983,8.5,
ITA,SUICIDE,TOT,100000PER,A,1984,8.7,
ITA,SUICIDE,TOT,100000PER,A,1985,9.2,
ITA,SUICIDE,TOT,100000PER,A,1986,8.9,
ITA,SUICIDE,TOT,100000PER,A,1987,8.5,
ITA,SUICIDE,TOT,100000PER,A,1988,8.2,
ITA,SUICIDE,TOT,100000PER,A,1989,7.9,
ITA,SUICIDE,TOT,100000PER,A,1990,7.9,
ITA,SUICIDE,TOT,100000PER,A,1991,8,
ITA,SUICIDE,TOT,100000PER,A,1992,8.1,
ITA,SUICIDE,TOT,100000PER,A,1993,8.3,
ITA,SUICIDE,TOT,100000PER,A,1994,7.9,
ITA,SUICIDE,TOT,100000PER,A,1995,8,
ITA,SUICIDE,TOT,100000PER,A,1996,8.1,
ITA,SUICIDE,TOT,100000PER,A,1997,8,
ITA,SUICIDE,TOT,100000PER,A,1998,7.6,
ITA,SUICIDE,TOT,100000PER,A,1999,6.9,
ITA,SUICIDE,TOT,100000PER,A,2000,6.9,
ITA,SUICIDE,TOT,100000PER,A,2001,6.7,
ITA,SUICIDE,TOT,100000PER,A,2002,6.7,
ITA,SUICIDE,TOT,100000PER,A,2003,6.6,B
ITA,SUICIDE,TOT,100000PER,A,2004,6.4,
ITA,SUICIDE,TOT,100000PER,A,2005,6,
ITA,SUICIDE,TOT,100000PER,A,2006,5.8,
ITA,SUICIDE,TOT,100000PER,A,2007,5.8,
ITA,SUICIDE,TOT,100000PER,A,2008,6,
ITA,SUICIDE,TOT,100000PER,A,2009,6.1,
ITA,SUICIDE,TOT,100000PER,A,2010,6,
ITA,SUICIDE,TOT,100000PER,A,2011,6.4,
ITA,SUICIDE,TOT,100000PER,A,2012,6.5,
ITA,SUICIDE,TOT,100000PER,A,2013,6.5,
ITA,SUICIDE,TOT,100000PER,A,2014,6.2,
ITA,SUICIDE,TOT,100000PER,A,2015,5.9,
ITA,SUICIDE,TOT,100000PER,A,2016,5.7,
ITA,SUICIDE,TOT,100000PER,A,2017,5.8,
JPN,SUICIDE,TOT,100000PER,A,1960,28.6,
JPN,SUICIDE,TOT,100000PER,A,1961,26.7,
JPN,SUICIDE,TOT,100000PER,A,1962,24.4,
JPN,SUICIDE,TOT,100000PER,A,1963,22.8,
JPN,SUICIDE,TOT,100000PER,A,1964,22.1,
JPN,SUICIDE,TOT,100000PER,A,1965,21.8,
JPN,SUICIDE,TOT,100000PER,A,1966,21.8,
JPN,SUICIDE,TOT,100000PER,A,1967,20.4,
JPN,SUICIDE,TOT,100000PER,A,1968,21.5,B
JPN,SUICIDE,TOT,100000PER,A,1969,21.3,
JPN,SUICIDE,TOT,100000PER,A,1970,22.1,
JPN,SUICIDE,TOT,100000PER,A,1971,21.8,
JPN,SUICIDE,TOT,100000PER,A,1972,23.4,
JPN,SUICIDE,TOT,100000PER,A,1973,23.9,
JPN,SUICIDE,TOT,100000PER,A,1974,23.9,
JPN,SUICIDE,TOT,100000PER,A,1975,24,
JPN,SUICIDE,TOT,100000PER,A,1976,23.1,
JPN,SUICIDE,TOT,100000PER,A,1977,23.1,
JPN,SUICIDE,TOT,100000PER,A,1978,22.6,
JPN,SUICIDE,TOT,100000PER,A,1979,22.7,B
JPN,SUICIDE,TOT,100000PER,A,1980,21.9,
JPN,SUICIDE,TOT,100000PER,A,1981,21.2,
JPN,SUICIDE,TOT,100000PER,A,1982,21.3,
JPN,SUICIDE,TOT,100000PER,A,1983,25.2,
JPN,SUICIDE,TOT,100000PER,A,1984,24.3,
JPN,SUICIDE,TOT,100000PER,A,1985,22.9,
JPN,SUICIDE,TOT,100000PER,A,1986,24.7,
JPN,SUICIDE,TOT,100000PER,A,1987,22.5,
JPN,SUICIDE,TOT,100000PER,A,1988,21.3,
JPN,SUICIDE,TOT,100000PER,A,1989,19.5,
JPN,SUICIDE,TOT,100000PER,A,1990,18.2,
JPN,SUICIDE,TOT,100000PER,A,1991,17.6,
JPN,SUICIDE,TOT,100000PER,A,1992,18.1,
JPN,SUICIDE,TOT,100000PER,A,1993,17.4,
JPN,SUICIDE,TOT,100000PER,A,1994,17.4,
JPN,SUICIDE,TOT,100000PER,A,1995,17.5,B
JPN,SUICIDE,TOT,100000PER,A,1996,17.8,
JPN,SUICIDE,TOT,100000PER,A,1997,18.7,
JPN,SUICIDE,TOT,100000PER,A,1998,24.7,
JPN,SUICIDE,TOT,100000PER,A,1999,24.2,
JPN,SUICIDE,TOT,100000PER,A,2000,23,
JPN,SUICIDE,TOT,100000PER,A,2001,22.2,
JPN,SUICIDE,TOT,100000PER,A,2002,22.4,
JPN,SUICIDE,TOT,100000PER,A,2003,24,
JPN,SUICIDE,TOT,100000PER,A,2004,22.5,
JPN,SUICIDE,TOT,100000PER,A,2005,22.7,
JPN,SUICIDE,TOT,100000PER,A,2006,22.2,
JPN,SUICIDE,TOT,100000PER,A,2007,22.7,
JPN,SUICIDE,TOT,100000PER,A,2008,22.3,
JPN,SUICIDE,TOT,100000PER,A,2009,22.8,
JPN,SUICIDE,TOT,100000PER,A,2010,21.7,
JPN,SUICIDE,TOT,100000PER,A,2011,21.4,
JPN,SUICIDE,TOT,100000PER,A,2012,19.5,
JPN,SUICIDE,TOT,100000PER,A,2013,19.2,
JPN,SUICIDE,TOT,100000PER,A,2014,18,
JPN,SUICIDE,TOT,100000PER,A,2015,17,
JPN,SUICIDE,TOT,100000PER,A,2016,15.6,
JPN,SUICIDE,TOT,100000PER,A,2017,15.2,
JPN,SUICIDE,TOT,100000PER,A,2018,15,
JPN,SUICIDE,TOT,100000PER,A,2019,14.6,
KOR,SUICIDE,TOT,100000PER,A,1985,11.5,
KOR,SUICIDE,TOT,100000PER,A,1986,10.6,
KOR,SUICIDE,TOT,100000PER,A,1987,9.9,
KOR,SUICIDE,TOT,100000PER,A,1988,8.6,
KOR,SUICIDE,TOT,100000PER,A,1989,8.8,
KOR,SUICIDE,TOT,100000PER,A,1990,9,
KOR,SUICIDE,TOT,100000PER,A,1991,8.6,
KOR,SUICIDE,TOT,100000PER,A,1992,9.7,
KOR,SUICIDE,TOT,100000PER,A,1993,11.6,
KOR,SUICIDE,TOT,100000PER,A,1994,11.9,
KOR,SUICIDE,TOT,100000PER,A,1995,12.7,B
KOR,SUICIDE,TOT,100000PER,A,1996,15.2,
KOR,SUICIDE,TOT,100000PER,A,1997,16.3,
KOR,SUICIDE,TOT,100000PER,A,1998,22.7,
KOR,SUICIDE,TOT,100000PER,A,1999,18.9,
KOR,SUICIDE,TOT,100000PER,A,2000,17.5,
KOR,SUICIDE,TOT,100000PER,A,2001,18.9,
KOR,SUICIDE,TOT,100000PER,A,2002,23.9,
KOR,SUICIDE,TOT,100000PER,A,2003,29.7,
KOR,SUICIDE,TOT,100000PER,A,2004,31.2,
KOR,SUICIDE,TOT,100000PER,A,2005,31.6,
KOR,SUICIDE,TOT,100000PER,A,2006,27.8,
KOR,SUICIDE,TOT,100000PER,A,2007,30.3,
KOR,SUICIDE,TOT,100000PER,A,2008,30.3,
KOR,SUICIDE,TOT,100000PER,A,2009,35.3,
KOR,SUICIDE,TOT,100000PER,A,2010,35,
KOR,SUICIDE,TOT,100000PER,A,2011,34.7,
KOR,SUICIDE,TOT,100000PER,A,2012,30.3,
KOR,SUICIDE,TOT,100000PER,A,2013,29.8,
KOR,SUICIDE,TOT,100000PER,A,2014,27.6,
KOR,SUICIDE,TOT,100000PER,A,2015,26.8,
KOR,SUICIDE,TOT,100000PER,A,2016,25.5,
KOR,SUICIDE,TOT,100000PER,A,2017,23.8,
KOR,SUICIDE,TOT,100000PER,A,2018,25.5,
KOR,SUICIDE,TOT,100000PER,A,2019,25.4,
KOR,SUICIDE,TOT,100000PER,A,2020,24.1,
LUX,SUICIDE,TOT,100000PER,A,1967,14.5,
LUX,SUICIDE,TOT,100000PER,A,1968,13.1,
LUX,SUICIDE,TOT,100000PER,A,1969,17.1,
LUX,SUICIDE,TOT,100000PER,A,1970,16.2,
LUX,SUICIDE,TOT,100000PER,A,1971,15.3,B
LUX,SUICIDE,TOT,100000PER,A,1972,16.5,
LUX,SUICIDE,TOT,100000PER,A,1973,14.3,
LUX,SUICIDE,TOT,100000PER,A,1974,13.8,
LUX,SUICIDE,TOT,100000PER,A,1975,11.4,
LUX,SUICIDE,TOT,100000PER,A,1976,15.1,
LUX,SUICIDE,TOT,100000PER,A,1977,16.9,
LUX,SUICIDE,TOT,100000PER,A,1978,19.1,
LUX,SUICIDE,TOT,100000PER,A,1979,22.2,B
LUX,SUICIDE,TOT,100000PER,A,1980,14.2,
LUX,SUICIDE,TOT,100000PER,A,1981,17.3,
LUX,SUICIDE,TOT,100000PER,A,1982,22.6,
LUX,SUICIDE,TOT,100000PER,A,1983,23.9,
LUX,SUICIDE,TOT,100000PER,A,1984,18.8,
LUX,SUICIDE,TOT,100000PER,A,1985,16.6,
LUX,SUICIDE,TOT,100000PER,A,1986,14.4,
LUX,SUICIDE,TOT,100000PER,A,1987,20.1,
LUX,SUICIDE,TOT,100000PER,A,1988,18.7,
LUX,SUICIDE,TOT,100000PER,A,1989,19.9,
LUX,SUICIDE,TOT,100000PER,A,1990,18.4,
LUX,SUICIDE,TOT,100000PER,A,1991,20.5,
LUX,SUICIDE,TOT,100000PER,A,1992,15.6,
LUX,SUICIDE,TOT,100000PER,A,1993,16.3,
LUX,SUICIDE,TOT,100000PER,A,1994,19.3,
LUX,SUICIDE,TOT,100000PER,A,1995,15.6,
LUX,SUICIDE,TOT,100000PER,A,1996,18.1,
LUX,SUICIDE,TOT,100000PER,A,1997,20,
LUX,SUICIDE,TOT,100000PER,A,1998,15.2,B
LUX,SUICIDE,TOT,100000PER,A,1999,16.6,
LUX,SUICIDE,TOT,100000PER,A,2000,15,
LUX,SUICIDE,TOT,100000PER,A,2001,17.4,
LUX,SUICIDE,TOT,100000PER,A,2002,20.1,
LUX,SUICIDE,TOT,100000PER,A,2003,11,
LUX,SUICIDE,TOT,100000PER,A,2004,13.8,
LUX,SUICIDE,TOT,100000PER,A,2005,10.7,
LUX,SUICIDE,TOT,100000PER,A,2006,13.8,
LUX,SUICIDE,TOT,100000PER,A,2007,16.6,
LUX,SUICIDE,TOT,100000PER,A,2008,8.7,
LUX,SUICIDE,TOT,100000PER,A,2009,9.6,
LUX,SUICIDE,TOT,100000PER,A,2010,10.5,
LUX,SUICIDE,TOT,100000PER,A,2011,10.7,
LUX,SUICIDE,TOT,100000PER,A,2012,9.6,
LUX,SUICIDE,TOT,100000PER,A,2013,7.6,
LUX,SUICIDE,TOT,100000PER,A,2014,12.2,
LUX,SUICIDE,TOT,100000PER,A,2015,11.5,
LUX,SUICIDE,TOT,100000PER,A,2016,7.5,
LUX,SUICIDE,TOT,100000PER,A,2017,8.7,
LUX,SUICIDE,TOT,100000PER,A,2018,8.2,
LUX,SUICIDE,TOT,100000PER,A,2019,10.9,
MEX,SUICIDE,TOT,100000PER,A,1969,1.1,
MEX,SUICIDE,TOT,100000PER,A,1970,1.9,
MEX,SUICIDE,TOT,100000PER,A,1971,1.1,
MEX,SUICIDE,TOT,100000PER,A,1972,1.2,
MEX,SUICIDE,TOT,100000PER,A,1973,1.1,
MEX,SUICIDE,TOT,100000PER,A,1979,2.6,B
MEX,SUICIDE,TOT,100000PER,A,1980,2.2,
MEX,SUICIDE,TOT,100000PER,A,1981,2.7,
MEX,SUICIDE,TOT,100000PER,A,1982,2.7,
MEX,SUICIDE,TOT,100000PER,A,1983,2.4,
MEX,SUICIDE,TOT,100000PER,A,1984,2,
MEX,SUICIDE,TOT,100000PER,A,1985,3.1,
MEX,SUICIDE,TOT,100000PER,A,1986,3.4,
MEX,SUICIDE,TOT,100000PER,A,1987,3.3,
MEX,SUICIDE,TOT,100000PER,A,1988,3.2,
MEX,SUICIDE,TOT,100000PER,A,1989,3.6,
MEX,SUICIDE,TOT,100000PER,A,1990,3.6,
MEX,SUICIDE,TOT,100000PER,A,1991,3.6,
MEX,SUICIDE,TOT,100000PER,A,1992,3.8,
MEX,SUICIDE,TOT,100000PER,A,1993,3.9,
MEX,SUICIDE,TOT,100000PER,A,1994,4.3,
MEX,SUICIDE,TOT,100000PER,A,1995,4.4,
MEX,SUICIDE,TOT,100000PER,A,1996,4.1,
MEX,SUICIDE,TOT,100000PER,A,1997,4.3,
MEX,SUICIDE,TOT,100000PER,A,1998,4.2,B
MEX,SUICIDE,TOT,100000PER,A,1999,4.1,
MEX,SUICIDE,TOT,100000PER,A,2000,4.4,
MEX,SUICIDE,TOT,100000PER,A,2001,4.6,
MEX,SUICIDE,TOT,100000PER,A,2002,4.4,
MEX,SUICIDE,TOT,100000PER,A,2003,4.7,
MEX,SUICIDE,TOT,100000PER,A,2004,4.7,
MEX,SUICIDE,TOT,100000PER,A,2005,5,
MEX,SUICIDE,TOT,100000PER,A,2006,4.6,
MEX,SUICIDE,TOT,100000PER,A,2007,4.5,
MEX,SUICIDE,TOT,100000PER,A,2008,4.7,
MEX,SUICIDE,TOT,100000PER,A,2009,5,
MEX,SUICIDE,TOT,100000PER,A,2010,4.9,
MEX,SUICIDE,TOT,100000PER,A,2011,5.2,
MEX,SUICIDE,TOT,100000PER,A,2012,4.9,
MEX,SUICIDE,TOT,100000PER,A,2013,5.2,
MEX,SUICIDE,TOT,100000PER,A,2014,5.6,
MEX,SUICIDE,TOT,100000PER,A,2015,5.5,
MEX,SUICIDE,TOT,100000PER,A,2016,5.4,
MEX,SUICIDE,TOT,100000PER,A,2017,5.5,
MEX,SUICIDE,TOT,100000PER,A,2018,5.5,
MEX,SUICIDE,TOT,100000PER,A,2019,5.7,
MEX,SUICIDE,TOT,100000PER,A,2020,6.3,
NLD,SUICIDE,TOT,100000PER,A,1960,9.3,
NLD,SUICIDE,TOT,100000PER,A,1961,9.2,
NLD,SUICIDE,TOT,100000PER,A,1962,9.1,
NLD,SUICIDE,TOT,100000PER,A,1963,8.6,
NLD,SUICIDE,TOT,100000PER,A,1964,8.9,
NLD,SUICIDE,TOT,100000PER,A,1965,9.7,
NLD,SUICIDE,TOT,100000PER,A,1966,9.6,
NLD,SUICIDE,TOT,100000PER,A,1967,8.3,
NLD,SUICIDE,TOT,100000PER,A,1968,8.4,
NLD,SUICIDE,TOT,100000PER,A,1969,9.6,B
NLD,SUICIDE,TOT,100000PER,A,1970,10.6,
NLD,SUICIDE,TOT,100000PER,A,1971,10.7,
NLD,SUICIDE,TOT,100000PER,A,1972,10.6,
NLD,SUICIDE,TOT,100000PER,A,1973,10.8,
NLD,SUICIDE,TOT,100000PER,A,1974,11.5,
NLD,SUICIDE,TOT,100000PER,A,1975,10.9,
NLD,SUICIDE,TOT,100000PER,A,1976,11.6,
NLD,SUICIDE,TOT,100000PER,A,1977,11.1,
NLD,SUICIDE,TOT,100000PER,A,1978,11.5,
NLD,SUICIDE,TOT,100000PER,A,1979,12.5,B
NLD,SUICIDE,TOT,100000PER,A,1980,11.8,
NLD,SUICIDE,TOT,100000PER,A,1981,11.7,
NLD,SUICIDE,TOT,100000PER,A,1982,12.4,
NLD,SUICIDE,TOT,100000PER,A,1983,13.8,
NLD,SUICIDE,TOT,100000PER,A,1984,13.9,
NLD,SUICIDE,TOT,100000PER,A,1985,12.4,
NLD,SUICIDE,TOT,100000PER,A,1986,12.1,
NLD,SUICIDE,TOT,100000PER,A,1987,12,
NLD,SUICIDE,TOT,100000PER,A,1988,11.2,
NLD,SUICIDE,TOT,100000PER,A,1989,10.9,
NLD,SUICIDE,TOT,100000PER,A,1990,10.3,
NLD,SUICIDE,TOT,100000PER,A,1991,11.3,
NLD,SUICIDE,TOT,100000PER,A,1992,11,
NLD,SUICIDE,TOT,100000PER,A,1993,10.5,
NLD,SUICIDE,TOT,100000PER,A,1994,10.6,
NLD,SUICIDE,TOT,100000PER,A,1995,10,
NLD,SUICIDE,TOT,100000PER,A,1996,10.4,B
NLD,SUICIDE,TOT,100000PER,A,1997,10.3,
NLD,SUICIDE,TOT,100000PER,A,1998,9.9,
NLD,SUICIDE,TOT,100000PER,A,1999,9.8,
NLD,SUICIDE,TOT,100000PER,A,2000,9.6,
NLD,SUICIDE,TOT,100000PER,A,2001,9.3,
NLD,SUICIDE,TOT,100000PER,A,2002,9.8,
NLD,SUICIDE,TOT,100000PER,A,2003,9.4,
NLD,SUICIDE,TOT,100000PER,A,2004,9.3,
NLD,SUICIDE,TOT,100000PER,A,2005,9.6,
NLD,SUICIDE,TOT,100000PER,A,2006,9.3,
NLD,SUICIDE,TOT,100000PER,A,2007,8.2,
NLD,SUICIDE,TOT,100000PER,A,2008,8.6,
NLD,SUICIDE,TOT,100000PER,A,2009,9.1,
NLD,SUICIDE,TOT,100000PER,A,2010,9.4,
NLD,SUICIDE,TOT,100000PER,A,2011,9.7,
NLD,SUICIDE,TOT,100000PER,A,2012,10.3,
NLD,SUICIDE,TOT,100000PER,A,2013,10.8,
NLD,SUICIDE,TOT,100000PER,A,2014,10.6,
NLD,SUICIDE,TOT,100000PER,A,2015,10.7,
NLD,SUICIDE,TOT,100000PER,A,2016,10.8,
NLD,SUICIDE,TOT,100000PER,A,2017,10.8,
NLD,SUICIDE,TOT,100000PER,A,2018,10.2,
NLD,SUICIDE,TOT,100000PER,A,2019,10,
NLD,SUICIDE,TOT,100000PER,A,2020,10,
NZL,SUICIDE,TOT,100000PER,A,1960,12.8,
NZL,SUICIDE,TOT,100000PER,A,1961,11.1,
NZL,SUICIDE,TOT,100000PER,A,1962,11.3,
NZL,SUICIDE,TOT,100000PER,A,1963,13,
NZL,SUICIDE,TOT,100000PER,A,1964,10.8,
NZL,SUICIDE,TOT,100000PER,A,1965,12.5,
NZL,SUICIDE,TOT,100000PER,A,1966,12.4,
NZL,SUICIDE,TOT,100000PER,A,1967,13.7,
NZL,SUICIDE,TOT,100000PER,A,1968,12.7,B
NZL,SUICIDE,TOT,100000PER,A,1969,13.2,
NZL,SUICIDE,TOT,100000PER,A,1970,12.6,
NZL,SUICIDE,TOT,100000PER,A,1971,10.7,
NZL,SUICIDE,TOT,100000PER,A,1972,11.5,
NZL,SUICIDE,TOT,100000PER,A,1973,11.5,
NZL,SUICIDE,TOT,100000PER,A,1974,11.7,
NZL,SUICIDE,TOT,100000PER,A,1975,12.2,
NZL,SUICIDE,TOT,100000PER,A,1976,11.8,
NZL,SUICIDE,TOT,100000PER,A,1977,14.4,
NZL,SUICIDE,TOT,100000PER,A,1978,12.8,
NZL,SUICIDE,TOT,100000PER,A,1979,11.9,B
NZL,SUICIDE,TOT,100000PER,A,1980,12.7,
NZL,SUICIDE,TOT,100000PER,A,1981,12.1,
NZL,SUICIDE,TOT,100000PER,A,1982,13.6,
NZL,SUICIDE,TOT,100000PER,A,1983,12.5,
NZL,SUICIDE,TOT,100000PER,A,1984,13.7,
NZL,SUICIDE,TOT,100000PER,A,1985,11.6,
NZL,SUICIDE,TOT,100000PER,A,1986,14,
NZL,SUICIDE,TOT,100000PER,A,1987,15.2,
NZL,SUICIDE,TOT,100000PER,A,1988,15.5,
NZL,SUICIDE,TOT,100000PER,A,1989,14.5,
NZL,SUICIDE,TOT,100000PER,A,1990,14.1,
NZL,SUICIDE,TOT,100000PER,A,1991,13.8,
NZL,SUICIDE,TOT,100000PER,A,1992,14.6,
NZL,SUICIDE,TOT,100000PER,A,1993,12.6,
NZL,SUICIDE,TOT,100000PER,A,1994,14.8,
NZL,SUICIDE,TOT,100000PER,A,1995,15.2,
NZL,SUICIDE,TOT,100000PER,A,1996,14.7,
NZL,SUICIDE,TOT,100000PER,A,1997,15.1,
NZL,SUICIDE,TOT,100000PER,A,1998,15.5,
NZL,SUICIDE,TOT,100000PER,A,1999,13.7,
NZL,SUICIDE,TOT,100000PER,A,2000,12.3,B
NZL,SUICIDE,TOT,100000PER,A,2001,13.5,
NZL,SUICIDE,TOT,100000PER,A,2002,12.3,
NZL,SUICIDE,TOT,100000PER,A,2003,13.3,
NZL,SUICIDE,TOT,100000PER,A,2004,12.4,
NZL,SUICIDE,TOT,100000PER,A,2005,12.7,
NZL,SUICIDE,TOT,100000PER,A,2006,12.7,
NZL,SUICIDE,TOT,100000PER,A,2007,11.9,
NZL,SUICIDE,TOT,100000PER,A,2008,12.4,
NZL,SUICIDE,TOT,100000PER,A,2009,12,
NZL,SUICIDE,TOT,100000PER,A,2010,12.4,
NZL,SUICIDE,TOT,100000PER,A,2011,11.2,
NZL,SUICIDE,TOT,100000PER,A,2012,12.4,
NZL,SUICIDE,TOT,100000PER,A,2013,11.8,
NZL,SUICIDE,TOT,100000PER,A,2014,11.5,
NZL,SUICIDE,TOT,100000PER,A,2015,11.8,
NZL,SUICIDE,TOT,100000PER,A,2016,12.1,
NOR,SUICIDE,TOT,100000PER,A,1960,7.1,
NOR,SUICIDE,TOT,100000PER,A,1961,7.5,
NOR,SUICIDE,TOT,100000PER,A,1962,8.8,
NOR,SUICIDE,TOT,100000PER,A,1963,9.1,
NOR,SUICIDE,TOT,100000PER,A,1964,8.3,
NOR,SUICIDE,TOT,100000PER,A,1965,8.7,
NOR,SUICIDE,TOT,100000PER,A,1966,7.8,
NOR,SUICIDE,TOT,100000PER,A,1967,7.7,
NOR,SUICIDE,TOT,100000PER,A,1968,9,
NOR,SUICIDE,TOT,100000PER,A,1969,9.1,B
NOR,SUICIDE,TOT,100000PER,A,1970,9.4,
NOR,SUICIDE,TOT,100000PER,A,1971,9.1,
NOR,SUICIDE,TOT,100000PER,A,1972,10,
NOR,SUICIDE,TOT,100000PER,A,1973,9.6,
NOR,SUICIDE,TOT,100000PER,A,1974,11.5,
NOR,SUICIDE,TOT,100000PER,A,1975,10.9,
NOR,SUICIDE,TOT,100000PER,A,1976,11.8,
NOR,SUICIDE,TOT,100000PER,A,1977,12.5,
NOR,SUICIDE,TOT,100000PER,A,1978,12.6,
NOR,SUICIDE,TOT,100000PER,A,1979,13.3,
NOR,SUICIDE,TOT,100000PER,A,1980,13.4,
NOR,SUICIDE,TOT,100000PER,A,1981,13.8,
NOR,SUICIDE,TOT,100000PER,A,1982,15.1,
NOR,SUICIDE,TOT,100000PER,A,1983,15.9,
NOR,SUICIDE,TOT,100000PER,A,1984,15.3,
NOR,SUICIDE,TOT,100000PER,A,1985,14.8,
NOR,SUICIDE,TOT,100000PER,A,1986,14.7,B
NOR,SUICIDE,TOT,100000PER,A,1987,16.3,
NOR,SUICIDE,TOT,100000PER,A,1988,17.5,
NOR,SUICIDE,TOT,100000PER,A,1989,16.1,
NOR,SUICIDE,TOT,100000PER,A,1990,16,
NOR,SUICIDE,TOT,100000PER,A,1991,16.5,
NOR,SUICIDE,TOT,100000PER,A,1992,14.7,
NOR,SUICIDE,TOT,100000PER,A,1993,13.9,
NOR,SUICIDE,TOT,100000PER,A,1994,12.6,
NOR,SUICIDE,TOT,100000PER,A,1995,12.9,
NOR,SUICIDE,TOT,100000PER,A,1996,12,B
NOR,SUICIDE,TOT,100000PER,A,1997,12.6,
NOR,SUICIDE,TOT,100000PER,A,1998,12.7,
NOR,SUICIDE,TOT,100000PER,A,1999,13.5,
NOR,SUICIDE,TOT,100000PER,A,2000,12.4,
NOR,SUICIDE,TOT,100000PER,A,2001,12.6,
NOR,SUICIDE,TOT,100000PER,A,2002,11.2,
NOR,SUICIDE,TOT,100000PER,A,2003,11.3,
NOR,SUICIDE,TOT,100000PER,A,2004,11.9,
NOR,SUICIDE,TOT,100000PER,A,2005,11.7,
NOR,SUICIDE,TOT,100000PER,A,2006,11.7,
NOR,SUICIDE,TOT,100000PER,A,2007,10.6,
NOR,SUICIDE,TOT,100000PER,A,2008,10.7,
NOR,SUICIDE,TOT,100000PER,A,2009,12.1,
NOR,SUICIDE,TOT,100000PER,A,2010,11.4,
NOR,SUICIDE,TOT,100000PER,A,2011,12.2,
NOR,SUICIDE,TOT,100000PER,A,2012,10.4,
NOR,SUICIDE,TOT,100000PER,A,2013,11,
NOR,SUICIDE,TOT,100000PER,A,2014,10.8,
NOR,SUICIDE,TOT,100000PER,A,2015,11.4,
NOR,SUICIDE,TOT,100000PER,A,2016,11.8,
POL,SUICIDE,TOT,100000PER,A,1960,10.1,
POL,SUICIDE,TOT,100000PER,A,1961,10.7,
POL,SUICIDE,TOT,100000PER,A,1962,11.5,
POL,SUICIDE,TOT,100000PER,A,1963,10.5,
POL,SUICIDE,TOT,100000PER,A,1964,10.8,
POL,SUICIDE,TOT,100000PER,A,1965,11.3,
POL,SUICIDE,TOT,100000PER,A,1966,12.1,
POL,SUICIDE,TOT,100000PER,A,1967,12.2,
POL,SUICIDE,TOT,100000PER,A,1968,12.7,
POL,SUICIDE,TOT,100000PER,A,1969,13.1,B
POL,SUICIDE,TOT,100000PER,A,1970,13.4,
POL,SUICIDE,TOT,100000PER,A,1971,13.5,
POL,SUICIDE,TOT,100000PER,A,1972,13.5,
POL,SUICIDE,TOT,100000PER,A,1973,13.3,
POL,SUICIDE,TOT,100000PER,A,1974,12.7,
POL,SUICIDE,TOT,100000PER,A,1975,12.6,
POL,SUICIDE,TOT,100000PER,A,1976,13.4,
POL,SUICIDE,TOT,100000PER,A,1977,13.7,
POL,SUICIDE,TOT,100000PER,A,1978,14.5,
POL,SUICIDE,TOT,100000PER,A,1979,13.9,
POL,SUICIDE,TOT,100000PER,A,1983,13.5,
POL,SUICIDE,TOT,100000PER,A,1984,15.4,
POL,SUICIDE,TOT,100000PER,A,1985,14.8,
POL,SUICIDE,TOT,100000PER,A,1986,14.6,
POL,SUICIDE,TOT,100000PER,A,1987,14.9,
POL,SUICIDE,TOT,100000PER,A,1988,13.7,
POL,SUICIDE,TOT,100000PER,A,1989,12.7,
POL,SUICIDE,TOT,100000PER,A,1990,14.5,
POL,SUICIDE,TOT,100000PER,A,1991,15.5,
POL,SUICIDE,TOT,100000PER,A,1992,16.5,
POL,SUICIDE,TOT,100000PER,A,1993,16.1,
POL,SUICIDE,TOT,100000PER,A,1994,15.7,
POL,SUICIDE,TOT,100000PER,A,1995,15.5,
POL,SUICIDE,TOT,100000PER,A,1996,15.2,
POL,SUICIDE,TOT,100000PER,A,1999,15.5,B
POL,SUICIDE,TOT,100000PER,A,2000,15.8,
POL,SUICIDE,TOT,100000PER,A,2001,15.7,
POL,SUICIDE,TOT,100000PER,A,2002,15.8,
POL,SUICIDE,TOT,100000PER,A,2003,15.4,
POL,SUICIDE,TOT,100000PER,A,2004,15.9,
POL,SUICIDE,TOT,100000PER,A,2005,15.8,
POL,SUICIDE,TOT,100000PER,A,2006,15.1,
POL,SUICIDE,TOT,100000PER,A,2007,13.7,
POL,SUICIDE,TOT,100000PER,A,2008,14.7,
POL,SUICIDE,TOT,100000PER,A,2009,16.7,
POL,SUICIDE,TOT,100000PER,A,2010,16.3,
POL,SUICIDE,TOT,100000PER,A,2011,15.6,
POL,SUICIDE,TOT,100000PER,A,2012,16.2,
POL,SUICIDE,TOT,100000PER,A,2013,15.8,
POL,SUICIDE,TOT,100000PER,A,2014,15.1,
POL,SUICIDE,TOT,100000PER,A,2015,13.7,
POL,SUICIDE,TOT,100000PER,A,2016,11.9,
POL,SUICIDE,TOT,100000PER,A,2017,11.3,
POL,SUICIDE,TOT,100000PER,A,2018,11.3,
POL,SUICIDE,TOT,100000PER,A,2019,11.6,
PRT,SUICIDE,TOT,100000PER,A,1960,12.2,
PRT,SUICIDE,TOT,100000PER,A,1961,12.3,
PRT,SUICIDE,TOT,100000PER,A,1962,11.6,
PRT,SUICIDE,TOT,100000PER,A,1963,13,
PRT,SUICIDE,TOT,100000PER,A,1964,13.2,
PRT,SUICIDE,TOT,100000PER,A,1965,13.2,
PRT,SUICIDE,TOT,100000PER,A,1966,13.2,
PRT,SUICIDE,TOT,100000PER,A,1967,13.5,
PRT,SUICIDE,TOT,100000PER,A,1968,12.9,
PRT,SUICIDE,TOT,100000PER,A,1969,12.4,
PRT,SUICIDE,TOT,100000PER,A,1970,11.1,
PRT,SUICIDE,TOT,100000PER,A,1971,11.5,B
PRT,SUICIDE,TOT,100000PER,A,1972,11,
PRT,SUICIDE,TOT,100000PER,A,1973,11.3,
PRT,SUICIDE,TOT,100000PER,A,1974,11.2,
PRT,SUICIDE,TOT,100000PER,A,1975,10.9,
PRT,SUICIDE,TOT,100000PER,A,1976,11.5,
PRT,SUICIDE,TOT,100000PER,A,1977,11.6,
PRT,SUICIDE,TOT,100000PER,A,1978,12.1,
PRT,SUICIDE,TOT,100000PER,A,1979,12.5,
PRT,SUICIDE,TOT,100000PER,A,1980,9.4,B
PRT,SUICIDE,TOT,100000PER,A,1981,9.6,
PRT,SUICIDE,TOT,100000PER,A,1982,10,
PRT,SUICIDE,TOT,100000PER,A,1983,11.3,
PRT,SUICIDE,TOT,100000PER,A,1984,12,
PRT,SUICIDE,TOT,100000PER,A,1985,11.6,
PRT,SUICIDE,TOT,100000PER,A,1986,11.1,
PRT,SUICIDE,TOT,100000PER,A,1987,11.1,
PRT,SUICIDE,TOT,100000PER,A,1988,9.4,
PRT,SUICIDE,TOT,100000PER,A,1989,8.5,
PRT,SUICIDE,TOT,100000PER,A,1990,9.7,
PRT,SUICIDE,TOT,100000PER,A,1991,10.5,
PRT,SUICIDE,TOT,100000PER,A,1992,9.6,
PRT,SUICIDE,TOT,100000PER,A,1993,8.5,
PRT,SUICIDE,TOT,100000PER,A,1994,8.2,
PRT,SUICIDE,TOT,100000PER,A,1995,8.6,
PRT,SUICIDE,TOT,100000PER,A,1996,7,
PRT,SUICIDE,TOT,100000PER,A,1997,6.5,
PRT,SUICIDE,TOT,100000PER,A,1998,5.7,
PRT,SUICIDE,TOT,100000PER,A,1999,5.5,
PRT,SUICIDE,TOT,100000PER,A,2000,5.2,
PRT,SUICIDE,TOT,100000PER,A,2001,7.4,
PRT,SUICIDE,TOT,100000PER,A,2002,11.7,B
PRT,SUICIDE,TOT,100000PER,A,2003,11.1,
PRT,SUICIDE,TOT,100000PER,A,2007,9.3,
PRT,SUICIDE,TOT,100000PER,A,2008,9.4,
PRT,SUICIDE,TOT,100000PER,A,2009,9.2,
PRT,SUICIDE,TOT,100000PER,A,2010,9.7,
PRT,SUICIDE,TOT,100000PER,A,2011,8.9,
PRT,SUICIDE,TOT,100000PER,A,2012,9.3,
PRT,SUICIDE,TOT,100000PER,A,2013,9.1,
PRT,SUICIDE,TOT,100000PER,A,2014,10.6,
PRT,SUICIDE,TOT,100000PER,A,2015,9.7,
PRT,SUICIDE,TOT,100000PER,A,2016,8.4,
PRT,SUICIDE,TOT,100000PER,A,2017,9.1,
PRT,SUICIDE,TOT,100000PER,A,2018,8.5,
SVK,SUICIDE,TOT,100000PER,A,1992,17.2,
SVK,SUICIDE,TOT,100000PER,A,1993,15.8,
SVK,SUICIDE,TOT,100000PER,A,1994,14.7,B
SVK,SUICIDE,TOT,100000PER,A,1995,15.5,
SVK,SUICIDE,TOT,100000PER,A,1996,13.9,
SVK,SUICIDE,TOT,100000PER,A,1997,13.2,
SVK,SUICIDE,TOT,100000PER,A,1998,13.4,
SVK,SUICIDE,TOT,100000PER,A,1999,14,
SVK,SUICIDE,TOT,100000PER,A,2000,14.6,
SVK,SUICIDE,TOT,100000PER,A,2001,13.9,
SVK,SUICIDE,TOT,100000PER,A,2002,14.3,
SVK,SUICIDE,TOT,100000PER,A,2003,14.6,
SVK,SUICIDE,TOT,100000PER,A,2004,12.8,
SVK,SUICIDE,TOT,100000PER,A,2005,12.9,
SVK,SUICIDE,TOT,100000PER,A,2008,11,
SVK,SUICIDE,TOT,100000PER,A,2009,11.1,
SVK,SUICIDE,TOT,100000PER,A,2010,11.6,
SVK,SUICIDE,TOT,100000PER,A,2012,10.4,
SVK,SUICIDE,TOT,100000PER,A,2013,11.2,
SVK,SUICIDE,TOT,100000PER,A,2014,10,
SVK,SUICIDE,TOT,100000PER,A,2016,6.9,
SVK,SUICIDE,TOT,100000PER,A,2017,6.7,
SVK,SUICIDE,TOT,100000PER,A,2018,7.4,
SVK,SUICIDE,TOT,100000PER,A,2019,6.6,
ESP,SUICIDE,TOT,100000PER,A,1960,7.5,
ESP,SUICIDE,TOT,100000PER,A,1961,7.1,
ESP,SUICIDE,TOT,100000PER,A,1962,6.6,
ESP,SUICIDE,TOT,100000PER,A,1963,6.7,
ESP,SUICIDE,TOT,100000PER,A,1964,6.8,
ESP,SUICIDE,TOT,100000PER,A,1965,6.4,
ESP,SUICIDE,TOT,100000PER,A,1966,6.3,
ESP,SUICIDE,TOT,100000PER,A,1967,6.1,
ESP,SUICIDE,TOT,100000PER,A,1968,5.9,B
ESP,SUICIDE,TOT,100000PER,A,1969,6,
ESP,SUICIDE,TOT,100000PER,A,1971,5.8,
ESP,SUICIDE,TOT,100000PER,A,1972,6,
ESP,SUICIDE,TOT,100000PER,A,1973,5.7,
ESP,SUICIDE,TOT,100000PER,A,1974,5.4,
ESP,SUICIDE,TOT,100000PER,A,1975,5.1,
ESP,SUICIDE,TOT,100000PER,A,1976,5.3,
ESP,SUICIDE,TOT,100000PER,A,1977,5.3,
ESP,SUICIDE,TOT,100000PER,A,1978,5.1,
ESP,SUICIDE,TOT,100000PER,A,1979,5.2,
ESP,SUICIDE,TOT,100000PER,A,1980,5.4,B
ESP,SUICIDE,TOT,100000PER,A,1981,5.5,
ESP,SUICIDE,TOT,100000PER,A,1982,5.9,
ESP,SUICIDE,TOT,100000PER,A,1983,6.9,
ESP,SUICIDE,TOT,100000PER,A,1984,7.7,
ESP,SUICIDE,TOT,100000PER,A,1985,7.7,
ESP,SUICIDE,TOT,100000PER,A,1986,8.3,
ESP,SUICIDE,TOT,100000PER,A,1987,8.3,
ESP,SUICIDE,TOT,100000PER,A,1988,8.6,
ESP,SUICIDE,TOT,100000PER,A,1989,8.6,
ESP,SUICIDE,TOT,100000PER,A,1990,8.4,
ESP,SUICIDE,TOT,100000PER,A,1991,8.1,
ESP,SUICIDE,TOT,100000PER,A,1992,7.7,
ESP,SUICIDE,TOT,100000PER,A,1993,8.3,
ESP,SUICIDE,TOT,100000PER,A,1994,8.5,
ESP,SUICIDE,TOT,100000PER,A,1995,8.3,
ESP,SUICIDE,TOT,100000PER,A,1996,8.7,
ESP,SUICIDE,TOT,100000PER,A,1997,8.8,
ESP,SUICIDE,TOT,100000PER,A,1998,8.3,
ESP,SUICIDE,TOT,100000PER,A,1999,8.1,B
ESP,SUICIDE,TOT,100000PER,A,2000,8.3,
ESP,SUICIDE,TOT,100000PER,A,2001,7.7,
ESP,SUICIDE,TOT,100000PER,A,2002,8,
ESP,SUICIDE,TOT,100000PER,A,2003,8.1,
ESP,SUICIDE,TOT,100000PER,A,2004,8,
ESP,SUICIDE,TOT,100000PER,A,2005,7.6,
ESP,SUICIDE,TOT,100000PER,A,2006,7.1,
ESP,SUICIDE,TOT,100000PER,A,2007,7,
ESP,SUICIDE,TOT,100000PER,A,2008,7.3,
ESP,SUICIDE,TOT,100000PER,A,2009,7.2,
ESP,SUICIDE,TOT,100000PER,A,2010,6.5,
ESP,SUICIDE,TOT,100000PER,A,2011,6.5,
ESP,SUICIDE,TOT,100000PER,A,2012,7.1,
ESP,SUICIDE,TOT,100000PER,A,2013,7.8,
ESP,SUICIDE,TOT,100000PER,A,2014,7.8,
ESP,SUICIDE,TOT,100000PER,A,2015,7.2,
ESP,SUICIDE,TOT,100000PER,A,2016,7.1,
ESP,SUICIDE,TOT,100000PER,A,2017,7.2,
ESP,SUICIDE,TOT,100000PER,A,2018,6.9,
ESP,SUICIDE,TOT,100000PER,A,2019,7.1,
ESP,SUICIDE,TOT,100000PER,A,2020,7.5,
SWE,SUICIDE,TOT,100000PER,A,1960,19,
SWE,SUICIDE,TOT,100000PER,A,1961,18.4,
SWE,SUICIDE,TOT,100000PER,A,1962,19.8,
SWE,SUICIDE,TOT,100000PER,A,1963,19.7,
SWE,SUICIDE,TOT,100000PER,A,1964,21.3,
SWE,SUICIDE,TOT,100000PER,A,1965,20.2,
SWE,SUICIDE,TOT,100000PER,A,1966,21.4,
SWE,SUICIDE,TOT,100000PER,A,1967,23,
SWE,SUICIDE,TOT,100000PER,A,1968,22.9,
SWE,SUICIDE,TOT,100000PER,A,1969,23.4,B
SWE,SUICIDE,TOT,100000PER,A,1970,23.7,
SWE,SUICIDE,TOT,100000PER,A,1971,21.7,
SWE,SUICIDE,TOT,100000PER,A,1972,21.6,
SWE,SUICIDE,TOT,100000PER,A,1973,22,
SWE,SUICIDE,TOT,100000PER,A,1974,21.2,
SWE,SUICIDE,TOT,100000PER,A,1975,20.6,
SWE,SUICIDE,TOT,100000PER,A,1976,19.9,
SWE,SUICIDE,TOT,100000PER,A,1977,20.8,
SWE,SUICIDE,TOT,100000PER,A,1978,20.1,
SWE,SUICIDE,TOT,100000PER,A,1979,21.6,
SWE,SUICIDE,TOT,100000PER,A,1980,20.5,
SWE,SUICIDE,TOT,100000PER,A,1981,18.4,
SWE,SUICIDE,TOT,100000PER,A,1982,20.3,
SWE,SUICIDE,TOT,100000PER,A,1983,19.7,
SWE,SUICIDE,TOT,100000PER,A,1984,20.1,
SWE,SUICIDE,TOT,100000PER,A,1985,18.6,
SWE,SUICIDE,TOT,100000PER,A,1986,18.9,
SWE,SUICIDE,TOT,100000PER,A,1987,18.7,B
SWE,SUICIDE,TOT,100000PER,A,1988,19.2,
SWE,SUICIDE,TOT,100000PER,A,1989,18.9,
SWE,SUICIDE,TOT,100000PER,A,1990,17.4,
SWE,SUICIDE,TOT,100000PER,A,1991,17.5,
SWE,SUICIDE,TOT,100000PER,A,1992,15.9,
SWE,SUICIDE,TOT,100000PER,A,1993,16,
SWE,SUICIDE,TOT,100000PER,A,1994,15.2,
SWE,SUICIDE,TOT,100000PER,A,1995,15.5,
SWE,SUICIDE,TOT,100000PER,A,1996,14.3,
SWE,SUICIDE,TOT,100000PER,A,1997,13.7,B
SWE,SUICIDE,TOT,100000PER,A,1998,14,
SWE,SUICIDE,TOT,100000PER,A,1999,13.9,
SWE,SUICIDE,TOT,100000PER,A,2000,12.7,
SWE,SUICIDE,TOT,100000PER,A,2001,13.4,
SWE,SUICIDE,TOT,100000PER,A,2002,13.2,
SWE,SUICIDE,TOT,100000PER,A,2003,12.3,
SWE,SUICIDE,TOT,100000PER,A,2004,12.8,
SWE,SUICIDE,TOT,100000PER,A,2005,13.4,
SWE,SUICIDE,TOT,100000PER,A,2006,13,
SWE,SUICIDE,TOT,100000PER,A,2007,12.2,
SWE,SUICIDE,TOT,100000PER,A,2008,12.5,
SWE,SUICIDE,TOT,100000PER,A,2009,13.2,
SWE,SUICIDE,TOT,100000PER,A,2010,12,
SWE,SUICIDE,TOT,100000PER,A,2011,11.6,
SWE,SUICIDE,TOT,100000PER,A,2012,11.9,
SWE,SUICIDE,TOT,100000PER,A,2013,12.6,
SWE,SUICIDE,TOT,100000PER,A,2014,11.7,
SWE,SUICIDE,TOT,100000PER,A,2015,12,
SWE,SUICIDE,TOT,100000PER,A,2016,11.3,
SWE,SUICIDE,TOT,100000PER,A,2017,11.7,
SWE,SUICIDE,TOT,100000PER,A,2018,12.4,
CHE,SUICIDE,TOT,100000PER,A,1960,21.9,
CHE,SUICIDE,TOT,100000PER,A,1961,21.3,
CHE,SUICIDE,TOT,100000PER,A,1962,21.8,
CHE,SUICIDE,TOT,100000PER,A,1963,19.7,
CHE,SUICIDE,TOT,100000PER,A,1964,19.6,
CHE,SUICIDE,TOT,100000PER,A,1965,21.7,
CHE,SUICIDE,TOT,100000PER,A,1966,21.5,
CHE,SUICIDE,TOT,100000PER,A,1967,20.3,
CHE,SUICIDE,TOT,100000PER,A,1968,20.1,
CHE,SUICIDE,TOT,100000PER,A,1969,19.8,B
CHE,SUICIDE,TOT,100000PER,A,1970,21.6,
CHE,SUICIDE,TOT,100000PER,A,1971,21.3,
CHE,SUICIDE,TOT,100000PER,A,1972,22.2,
CHE,SUICIDE,TOT,100000PER,A,1973,21.6,
CHE,SUICIDE,TOT,100000PER,A,1974,23.2,
CHE,SUICIDE,TOT,100000PER,A,1975,25,
CHE,SUICIDE,TOT,100000PER,A,1976,24.2,
CHE,SUICIDE,TOT,100000PER,A,1977,26,
CHE,SUICIDE,TOT,100000PER,A,1978,25.9,
CHE,SUICIDE,TOT,100000PER,A,1979,26.3,
CHE,SUICIDE,TOT,100000PER,A,1980,27.1,
CHE,SUICIDE,TOT,100000PER,A,1981,25.2,
CHE,SUICIDE,TOT,100000PER,A,1982,25.6,
CHE,SUICIDE,TOT,100000PER,A,1983,26.4,
CHE,SUICIDE,TOT,100000PER,A,1984,25.6,
CHE,SUICIDE,TOT,100000PER,A,1985,25.9,
CHE,SUICIDE,TOT,100000PER,A,1986,23.4,
CHE,SUICIDE,TOT,100000PER,A,1987,24.7,
CHE,SUICIDE,TOT,100000PER,A,1988,22.8,
CHE,SUICIDE,TOT,100000PER,A,1989,23.1,
CHE,SUICIDE,TOT,100000PER,A,1990,22.4,
CHE,SUICIDE,TOT,100000PER,A,1991,23.2,
CHE,SUICIDE,TOT,100000PER,A,1992,21.2,
CHE,SUICIDE,TOT,100000PER,A,1993,20.8,
CHE,SUICIDE,TOT,100000PER,A,1994,21.9,
CHE,SUICIDE,TOT,100000PER,A,1995,20.7,B
CHE,SUICIDE,TOT,100000PER,A,1996,20.7,
CHE,SUICIDE,TOT,100000PER,A,1997,19.2,
CHE,SUICIDE,TOT,100000PER,A,1998,19.6,
CHE,SUICIDE,TOT,100000PER,A,1999,18.3,
CHE,SUICIDE,TOT,100000PER,A,2000,19.2,
CHE,SUICIDE,TOT,100000PER,A,2001,18.6,
CHE,SUICIDE,TOT,100000PER,A,2002,19.7,
CHE,SUICIDE,TOT,100000PER,A,2003,17.2,
CHE,SUICIDE,TOT,100000PER,A,2004,17.2,
CHE,SUICIDE,TOT,100000PER,A,2005,17.2,
CHE,SUICIDE,TOT,100000PER,A,2006,17.1,
CHE,SUICIDE,TOT,100000PER,A,2007,17.5,
CHE,SUICIDE,TOT,100000PER,A,2008,16.7,
CHE,SUICIDE,TOT,100000PER,A,2009,13.8,
CHE,SUICIDE,TOT,100000PER,A,2010,12.3,
CHE,SUICIDE,TOT,100000PER,A,2011,12.5,
CHE,SUICIDE,TOT,100000PER,A,2012,12.4,
CHE,SUICIDE,TOT,100000PER,A,2013,12.6,
CHE,SUICIDE,TOT,100000PER,A,2014,11.9,
CHE,SUICIDE,TOT,100000PER,A,2015,12.3,
CHE,SUICIDE,TOT,100000PER,A,2016,11.5,
CHE,SUICIDE,TOT,100000PER,A,2017,11.6,
CHE,SUICIDE,TOT,100000PER,A,2018,11.1,
CHE,SUICIDE,TOT,100000PER,A,2019,11.1,
GBR,SUICIDE,TOT,100000PER,A,1960,11.8,
GBR,SUICIDE,TOT,100000PER,A,1961,11.9,
GBR,SUICIDE,TOT,100000PER,A,1962,12.8,
GBR,SUICIDE,TOT,100000PER,A,1963,12.9,
GBR,SUICIDE,TOT,100000PER,A,1964,12.5,
GBR,SUICIDE,TOT,100000PER,A,1965,11.5,
GBR,SUICIDE,TOT,100000PER,A,1966,11.2,
GBR,SUICIDE,TOT,100000PER,A,1967,10.5,
GBR,SUICIDE,TOT,100000PER,A,1968,10.3,B
GBR,SUICIDE,TOT,100000PER,A,1969,9.6,
GBR,SUICIDE,TOT,100000PER,A,1970,8.8,
GBR,SUICIDE,TOT,100000PER,A,1971,8.7,
GBR,SUICIDE,TOT,100000PER,A,1972,8.4,
GBR,SUICIDE,TOT,100000PER,A,1973,8.6,
GBR,SUICIDE,TOT,100000PER,A,1974,8.7,
GBR,SUICIDE,TOT,100000PER,A,1975,8.2,
GBR,SUICIDE,TOT,100000PER,A,1976,8.5,
GBR,SUICIDE,TOT,100000PER,A,1977,8.7,
GBR,SUICIDE,TOT,100000PER,A,1978,8.8,
GBR,SUICIDE,TOT,100000PER,A,1979,9.3,B
GBR,SUICIDE,TOT,100000PER,A,1980,9.5,
GBR,SUICIDE,TOT,100000PER,A,1981,9.6,
GBR,SUICIDE,TOT,100000PER,A,1982,9.5,
GBR,SUICIDE,TOT,100000PER,A,1983,9.4,
GBR,SUICIDE,TOT,100000PER,A,1984,9.4,
GBR,SUICIDE,TOT,100000PER,A,1985,9.6,
GBR,SUICIDE,TOT,100000PER,A,1986,9,
GBR,SUICIDE,TOT,100000PER,A,1987,8.4,
GBR,SUICIDE,TOT,100000PER,A,1988,9,
GBR,SUICIDE,TOT,100000PER,A,1989,7.9,
GBR,SUICIDE,TOT,100000PER,A,1990,8.3,
GBR,SUICIDE,TOT,100000PER,A,1991,8.1,
GBR,SUICIDE,TOT,100000PER,A,1992,8.2,
GBR,SUICIDE,TOT,100000PER,A,1993,7.8,
GBR,SUICIDE,TOT,100000PER,A,1994,7.6,
GBR,SUICIDE,TOT,100000PER,A,1995,7.5,
GBR,SUICIDE,TOT,100000PER,A,1996,7.2,
GBR,SUICIDE,TOT,100000PER,A,1997,7.1,
GBR,SUICIDE,TOT,100000PER,A,1998,7.5,
GBR,SUICIDE,TOT,100000PER,A,1999,7.6,
GBR,SUICIDE,TOT,100000PER,A,2001,7.1,B
GBR,SUICIDE,TOT,100000PER,A,2002,7,
GBR,SUICIDE,TOT,100000PER,A,2003,6.7,
GBR,SUICIDE,TOT,100000PER,A,2004,7,
GBR,SUICIDE,TOT,100000PER,A,2005,6.7,
GBR,SUICIDE,TOT,100000PER,A,2006,6.8,
GBR,SUICIDE,TOT,100000PER,A,2007,6.4,
GBR,SUICIDE,TOT,100000PER,A,2008,7,
GBR,SUICIDE,TOT,100000PER,A,2009,6.9,
GBR,SUICIDE,TOT,100000PER,A,2010,6.7,
GBR,SUICIDE,TOT,100000PER,A,2011,7,
GBR,SUICIDE,TOT,100000PER,A,2012,7,
GBR,SUICIDE,TOT,100000PER,A,2013,7.6,
GBR,SUICIDE,TOT,100000PER,A,2014,7.5,
GBR,SUICIDE,TOT,100000PER,A,2015,7.6,
GBR,SUICIDE,TOT,100000PER,A,2016,7.4,
GBR,SUICIDE,TOT,100000PER,A,2017,7.1,
GBR,SUICIDE,TOT,100000PER,A,2018,8.1,
GBR,SUICIDE,TOT,100000PER,A,2019,8.6,
GBR,SUICIDE,TOT,100000PER,A,2020,8.4,
USA,SUICIDE,TOT,100000PER,A,1960,13.9,
USA,SUICIDE,TOT,100000PER,A,1961,13.6,
USA,SUICIDE,TOT,100000PER,A,1962,14.2,
USA,SUICIDE,TOT,100000PER,A,1963,14.3,
USA,SUICIDE,TOT,100000PER,A,1964,14,
USA,SUICIDE,TOT,100000PER,A,1965,14.4,
USA,SUICIDE,TOT,100000PER,A,1966,14.1,
USA,SUICIDE,TOT,100000PER,A,1967,13.7,
USA,SUICIDE,TOT,100000PER,A,1968,13.5,B
USA,SUICIDE,TOT,100000PER,A,1969,13.9,
USA,SUICIDE,TOT,100000PER,A,1970,14.3,
USA,SUICIDE,TOT,100000PER,A,1971,14.3,
USA,SUICIDE,TOT,100000PER,A,1972,14.5,
USA,SUICIDE,TOT,100000PER,A,1973,14.2,
USA,SUICIDE,TOT,100000PER,A,1974,14.2,
USA,SUICIDE,TOT,100000PER,A,1975,14.5,
USA,SUICIDE,TOT,100000PER,A,1976,14.2,
USA,SUICIDE,TOT,100000PER,A,1977,14.6,
USA,SUICIDE,TOT,100000PER,A,1978,13.8,
USA,SUICIDE,TOT,100000PER,A,1979,13.4,B
USA,SUICIDE,TOT,100000PER,A,1980,12.9,
USA,SUICIDE,TOT,100000PER,A,1981,13.1,
USA,SUICIDE,TOT,100000PER,A,1982,13.3,
USA,SUICIDE,TOT,100000PER,A,1983,13.3,
USA,SUICIDE,TOT,100000PER,A,1984,13.4,
USA,SUICIDE,TOT,100000PER,A,1985,13.3,
USA,SUICIDE,TOT,100000PER,A,1986,13.9,
USA,SUICIDE,TOT,100000PER,A,1987,13.7,
USA,SUICIDE,TOT,100000PER,A,1988,13.3,
USA,SUICIDE,TOT,100000PER,A,1989,13.1,
USA,SUICIDE,TOT,100000PER,A,1990,13.3,
USA,SUICIDE,TOT,100000PER,A,1991,13.1,
USA,SUICIDE,TOT,100000PER,A,1992,12.8,
USA,SUICIDE,TOT,100000PER,A,1993,12.9,
USA,SUICIDE,TOT,100000PER,A,1994,12.7,
USA,SUICIDE,TOT,100000PER,A,1995,12.6,
USA,SUICIDE,TOT,100000PER,A,1996,12.3,
USA,SUICIDE,TOT,100000PER,A,1997,12.1,
USA,SUICIDE,TOT,100000PER,A,1998,11.9,
USA,SUICIDE,TOT,100000PER,A,1999,11.3,B
USA,SUICIDE,TOT,100000PER,A,2000,11,
USA,SUICIDE,TOT,100000PER,A,2001,11.3,
USA,SUICIDE,TOT,100000PER,A,2002,11.5,
USA,SUICIDE,TOT,100000PER,A,2003,11.3,
USA,SUICIDE,TOT,100000PER,A,2004,11.5,
USA,SUICIDE,TOT,100000PER,A,2005,11.4,
USA,SUICIDE,TOT,100000PER,A,2006,11.5,
USA,SUICIDE,TOT,100000PER,A,2007,11.9,
USA,SUICIDE,TOT,100000PER,A,2008,12.2,
USA,SUICIDE,TOT,100000PER,A,2009,12.4,
USA,SUICIDE,TOT,100000PER,A,2010,12.8,
USA,SUICIDE,TOT,100000PER,A,2011,13,
USA,SUICIDE,TOT,100000PER,A,2012,13.2,
USA,SUICIDE,TOT,100000PER,A,2013,13.4,
USA,SUICIDE,TOT,100000PER,A,2014,13.8,
USA,SUICIDE,TOT,100000PER,A,2015,14,
USA,SUICIDE,TOT,100000PER,A,2016,14.2,
USA,SUICIDE,TOT,100000PER,A,2017,14.8,
USA,SUICIDE,TOT,100000PER,A,2018,15,
USA,SUICIDE,TOT,100000PER,A,2019,14.7,
USA,SUICIDE,TOT,100000PER,A,2020,14.1,
BRA,SUICIDE,TOT,100000PER,A,1979,4.4,
BRA,SUICIDE,TOT,100000PER,A,1980,5,
BRA,SUICIDE,TOT,100000PER,A,1981,4.8,
BRA,SUICIDE,TOT,100000PER,A,1982,4.6,
BRA,SUICIDE,TOT,100000PER,A,1983,5.2,
BRA,SUICIDE,TOT,100000PER,A,1984,5,
BRA,SUICIDE,TOT,100000PER,A,1985,4.8,
BRA,SUICIDE,TOT,100000PER,A,1990,4.8,
BRA,SUICIDE,TOT,100000PER,A,1991,5.1,
BRA,SUICIDE,TOT,100000PER,A,1992,4.9,
BRA,SUICIDE,TOT,100000PER,A,1993,4.9,
BRA,SUICIDE,TOT,100000PER,A,1994,5.1,
BRA,SUICIDE,TOT,100000PER,A,1995,5.5,
BRA,SUICIDE,TOT,100000PER,A,1996,5.6,B
BRA,SUICIDE,TOT,100000PER,A,1997,5.5,
BRA,SUICIDE,TOT,100000PER,A,1998,5.5,
BRA,SUICIDE,TOT,100000PER,A,1999,4.9,
BRA,SUICIDE,TOT,100000PER,A,2000,5.1,
BRA,SUICIDE,TOT,100000PER,A,2001,5.5,
BRA,SUICIDE,TOT,100000PER,A,2002,5.3,
BRA,SUICIDE,TOT,100000PER,A,2003,5.2,
BRA,SUICIDE,TOT,100000PER,A,2004,5.3,
BRA,SUICIDE,TOT,100000PER,A,2005,5.6,
BRA,SUICIDE,TOT,100000PER,A,2006,5.4,
BRA,SUICIDE,TOT,100000PER,A,2007,5.5,
BRA,SUICIDE,TOT,100000PER,A,2008,5.6,
BRA,SUICIDE,TOT,100000PER,A,2009,5.6,
BRA,SUICIDE,TOT,100000PER,A,2010,5.6,
BRA,SUICIDE,TOT,100000PER,A,2011,5.7,
BRA,SUICIDE,TOT,100000PER,A,2012,5.9,
BRA,SUICIDE,TOT,100000PER,A,2013,5.9,
BRA,SUICIDE,TOT,100000PER,A,2014,5.8,
BRA,SUICIDE,TOT,100000PER,A,2015,6.1,
BRA,SUICIDE,TOT,100000PER,A,2016,6.1,
BRA,SUICIDE,TOT,100000PER,A,2017,6.5,
BRA,SUICIDE,TOT,100000PER,A,2018,6.5,
BRA,SUICIDE,TOT,100000PER,A,2019,6.7,
CHL,SUICIDE,TOT,100000PER,A,1960,11,
CHL,SUICIDE,TOT,100000PER,A,1961,10.2,
CHL,SUICIDE,TOT,100000PER,A,1962,9.1,
CHL,SUICIDE,TOT,100000PER,A,1963,5.1,
CHL,SUICIDE,TOT,100000PER,A,1964,3.9,
CHL,SUICIDE,TOT,100000PER,A,1965,2.9,
CHL,SUICIDE,TOT,100000PER,A,1966,9.5,
CHL,SUICIDE,TOT,100000PER,A,1967,3.5,
CHL,SUICIDE,TOT,100000PER,A,1968,12,B
CHL,SUICIDE,TOT,100000PER,A,1969,9.6,
CHL,SUICIDE,TOT,100000PER,A,1970,8,
CHL,SUICIDE,TOT,100000PER,A,1971,7.8,
CHL,SUICIDE,TOT,100000PER,A,1972,7.4,
CHL,SUICIDE,TOT,100000PER,A,1973,7.3,
CHL,SUICIDE,TOT,100000PER,A,1974,8.1,
CHL,SUICIDE,TOT,100000PER,A,1975,9.8,
CHL,SUICIDE,TOT,100000PER,A,1976,7.8,
CHL,SUICIDE,TOT,100000PER,A,1977,8.1,
CHL,SUICIDE,TOT,100000PER,A,1978,7.1,
CHL,SUICIDE,TOT,100000PER,A,1979,7.8,
CHL,SUICIDE,TOT,100000PER,A,1980,6.1,B
CHL,SUICIDE,TOT,100000PER,A,1981,7.4,
CHL,SUICIDE,TOT,100000PER,A,1982,7.6,
CHL,SUICIDE,TOT,100000PER,A,1984,7.8,
CHL,SUICIDE,TOT,100000PER,A,1985,7.8,
CHL,SUICIDE,TOT,100000PER,A,1986,7,
CHL,SUICIDE,TOT,100000PER,A,1987,7.1,
CHL,SUICIDE,TOT,100000PER,A,1988,7,
CHL,SUICIDE,TOT,100000PER,A,1989,7.1,
CHL,SUICIDE,TOT,100000PER,A,1990,7.2,
CHL,SUICIDE,TOT,100000PER,A,1991,7.3,
CHL,SUICIDE,TOT,100000PER,A,1992,6,
CHL,SUICIDE,TOT,100000PER,A,1993,6.9,
CHL,SUICIDE,TOT,100000PER,A,1994,7.1,
CHL,SUICIDE,TOT,100000PER,A,1995,8.1,
CHL,SUICIDE,TOT,100000PER,A,1996,7.6,
CHL,SUICIDE,TOT,100000PER,A,1997,7.4,B
CHL,SUICIDE,TOT,100000PER,A,1998,8.3,
CHL,SUICIDE,TOT,100000PER,A,1999,8.3,
CHL,SUICIDE,TOT,100000PER,A,2000,11.3,
CHL,SUICIDE,TOT,100000PER,A,2001,11.9,
CHL,SUICIDE,TOT,100000PER,A,2002,11.6,
CHL,SUICIDE,TOT,100000PER,A,2003,11.9,
CHL,SUICIDE,TOT,100000PER,A,2004,11.9,
CHL,SUICIDE,TOT,100000PER,A,2005,11.4,
CHL,SUICIDE,TOT,100000PER,A,2006,11.9,
CHL,SUICIDE,TOT,100000PER,A,2007,11.9,
CHL,SUICIDE,TOT,100000PER,A,2008,13.2,
CHL,SUICIDE,TOT,100000PER,A,2009,13.4,
CHL,SUICIDE,TOT,100000PER,A,2010,12.3,
CHL,SUICIDE,TOT,100000PER,A,2011,12.5,
CHL,SUICIDE,TOT,100000PER,A,2012,11.2,
CHL,SUICIDE,TOT,100000PER,A,2013,10.5,
CHL,SUICIDE,TOT,100000PER,A,2014,10.6,
CHL,SUICIDE,TOT,100000PER,A,2015,10.9,
CHL,SUICIDE,TOT,100000PER,A,2016,10.6,
CHL,SUICIDE,TOT,100000PER,A,2017,10.5,
CHL,SUICIDE,TOT,100000PER,A,2018,10,
EST,SUICIDE,TOT,100000PER,A,1981,40.1,
EST,SUICIDE,TOT,100000PER,A,1982,35.5,
EST,SUICIDE,TOT,100000PER,A,1985,33.6,
EST,SUICIDE,TOT,100000PER,A,1986,31,
EST,SUICIDE,TOT,100000PER,A,1987,28.1,
EST,SUICIDE,TOT,100000PER,A,1988,27.6,
EST,SUICIDE,TOT,100000PER,A,1989,28.1,
EST,SUICIDE,TOT,100000PER,A,1990,30.3,
EST,SUICIDE,TOT,100000PER,A,1991,30.2,
EST,SUICIDE,TOT,100000PER,A,1992,35.3,
EST,SUICIDE,TOT,100000PER,A,1993,41.7,
EST,SUICIDE,TOT,100000PER,A,1994,44.5,
EST,SUICIDE,TOT,100000PER,A,1995,43.7,
EST,SUICIDE,TOT,100000PER,A,1996,41.9,
EST,SUICIDE,TOT,100000PER,A,1997,39.4,B
EST,SUICIDE,TOT,100000PER,A,1998,36,
EST,SUICIDE,TOT,100000PER,A,1999,35.5,
EST,SUICIDE,TOT,100000PER,A,2000,27.5,
EST,SUICIDE,TOT,100000PER,A,2001,29.8,
EST,SUICIDE,TOT,100000PER,A,2002,27.3,
EST,SUICIDE,TOT,100000PER,A,2003,25,
EST,SUICIDE,TOT,100000PER,A,2004,24,
EST,SUICIDE,TOT,100000PER,A,2005,20.1,
EST,SUICIDE,TOT,100000PER,A,2006,17.8,
EST,SUICIDE,TOT,100000PER,A,2007,18.8,
EST,SUICIDE,TOT,100000PER,A,2008,17.7,
EST,SUICIDE,TOT,100000PER,A,2009,19.8,
EST,SUICIDE,TOT,100000PER,A,2010,16.2,
EST,SUICIDE,TOT,100000PER,A,2011,15.7,
EST,SUICIDE,TOT,100000PER,A,2012,17.2,
EST,SUICIDE,TOT,100000PER,A,2013,15.9,
EST,SUICIDE,TOT,100000PER,A,2014,17.7,
EST,SUICIDE,TOT,100000PER,A,2015,14.5,
EST,SUICIDE,TOT,100000PER,A,2016,13.3,
EST,SUICIDE,TOT,100000PER,A,2017,16.5,
EST,SUICIDE,TOT,100000PER,A,2018,14,
EST,SUICIDE,TOT,100000PER,A,2019,14.1,
EST,SUICIDE,TOT,100000PER,A,2020,15.2,
ISR,SUICIDE,TOT,100000PER,A,1975,11.8,
ISR,SUICIDE,TOT,100000PER,A,1976,11.9,
ISR,SUICIDE,TOT,100000PER,A,1977,8.9,
ISR,SUICIDE,TOT,100000PER,A,1978,8.1,
ISR,SUICIDE,TOT,100000PER,A,1979,9.6,B
ISR,SUICIDE,TOT,100000PER,A,1980,8.8,
ISR,SUICIDE,TOT,100000PER,A,1981,7.6,
ISR,SUICIDE,TOT,100000PER,A,1982,7.1,
ISR,SUICIDE,TOT,100000PER,A,1983,9,
ISR,SUICIDE,TOT,100000PER,A,1984,7.9,
ISR,SUICIDE,TOT,100000PER,A,1985,8.1,
ISR,SUICIDE,TOT,100000PER,A,1986,9.4,
ISR,SUICIDE,TOT,100000PER,A,1987,9.4,
ISR,SUICIDE,TOT,100000PER,A,1988,9.8,
ISR,SUICIDE,TOT,100000PER,A,1989,11.3,
ISR,SUICIDE,TOT,100000PER,A,1990,9.1,
ISR,SUICIDE,TOT,100000PER,A,1991,10.3,
ISR,SUICIDE,TOT,100000PER,A,1992,9.9,
ISR,SUICIDE,TOT,100000PER,A,1993,9.5,
ISR,SUICIDE,TOT,100000PER,A,1994,10.5,
ISR,SUICIDE,TOT,100000PER,A,1995,8.7,
ISR,SUICIDE,TOT,100000PER,A,1996,7,
ISR,SUICIDE,TOT,100000PER,A,1997,8.3,
ISR,SUICIDE,TOT,100000PER,A,1998,6.8,B
ISR,SUICIDE,TOT,100000PER,A,1999,7.4,
ISR,SUICIDE,TOT,100000PER,A,2000,7.5,
ISR,SUICIDE,TOT,100000PER,A,2001,7.5,
ISR,SUICIDE,TOT,100000PER,A,2002,7,
ISR,SUICIDE,TOT,100000PER,A,2003,7.8,
ISR,SUICIDE,TOT,100000PER,A,2004,7.3,
ISR,SUICIDE,TOT,100000PER,A,2005,7.5,
ISR,SUICIDE,TOT,100000PER,A,2006,6.1,
ISR,SUICIDE,TOT,100000PER,A,2007,5.5,
ISR,SUICIDE,TOT,100000PER,A,2008,5.8,
ISR,SUICIDE,TOT,100000PER,A,2009,6.3,
ISR,SUICIDE,TOT,100000PER,A,2010,7.5,
ISR,SUICIDE,TOT,100000PER,A,2011,6.4,
ISR,SUICIDE,TOT,100000PER,A,2012,6.6,
ISR,SUICIDE,TOT,100000PER,A,2013,5.6,
ISR,SUICIDE,TOT,100000PER,A,2014,5.6,
ISR,SUICIDE,TOT,100000PER,A,2015,5,
ISR,SUICIDE,TOT,100000PER,A,2016,5.6,
ISR,SUICIDE,TOT,100000PER,A,2017,5.6,
ISR,SUICIDE,TOT,100000PER,A,2018,6.2,
ISR,SUICIDE,TOT,100000PER,A,2019,5.7,
ISR,SUICIDE,TOT,100000PER,A,2020,5.7,
RUS,SUICIDE,TOT,100000PER,A,1980,37.7,
RUS,SUICIDE,TOT,100000PER,A,1981,37.4,
RUS,SUICIDE,TOT,100000PER,A,1982,37.8,
RUS,SUICIDE,TOT,100000PER,A,1985,34.4,
RUS,SUICIDE,TOT,100000PER,A,1986,26.2,
RUS,SUICIDE,TOT,100000PER,A,1987,26.5,
RUS,SUICIDE,TOT,100000PER,A,1988,27.7,
RUS,SUICIDE,TOT,100000PER,A,1989,29,
RUS,SUICIDE,TOT,100000PER,A,1990,29.6,
RUS,SUICIDE,TOT,100000PER,A,1991,29.3,
RUS,SUICIDE,TOT,100000PER,A,1992,33.8,
RUS,SUICIDE,TOT,100000PER,A,1993,41.2,
RUS,SUICIDE,TOT,100000PER,A,1994,45.3,
RUS,SUICIDE,TOT,100000PER,A,1995,44.2,
RUS,SUICIDE,TOT,100000PER,A,1996,41.7,
RUS,SUICIDE,TOT,100000PER,A,1997,39.5,
RUS,SUICIDE,TOT,100000PER,A,1998,37,
RUS,SUICIDE,TOT,100000PER,A,1999,40.7,B
RUS,SUICIDE,TOT,100000PER,A,2000,40.2,
RUS,SUICIDE,TOT,100000PER,A,2001,40.2,
RUS,SUICIDE,TOT,100000PER,A,2002,38.7,
RUS,SUICIDE,TOT,100000PER,A,2003,36.2,
RUS,SUICIDE,TOT,100000PER,A,2004,34.3,
RUS,SUICIDE,TOT,100000PER,A,2005,31.8,
RUS,SUICIDE,TOT,100000PER,A,2006,29.7,
RUS,SUICIDE,TOT,100000PER,A,2007,28.4,
RUS,SUICIDE,TOT,100000PER,A,2008,26.5,
RUS,SUICIDE,TOT,100000PER,A,2009,25.7,
RUS,SUICIDE,TOT,100000PER,A,2010,22.8,
RUS,SUICIDE,TOT,100000PER,A,2011,21.3,
RUS,SUICIDE,TOT,100000PER,A,2012,20.3,
RUS,SUICIDE,TOT,100000PER,A,2013,19.6,
RUS,SUICIDE,TOT,100000PER,A,2014,18.3,
RUS,SUICIDE,TOT,100000PER,A,2015,17.1,
RUS,SUICIDE,TOT,100000PER,A,2019,11.7,
SVN,SUICIDE,TOT,100000PER,A,1985,36.7,
SVN,SUICIDE,TOT,100000PER,A,1986,33.8,
SVN,SUICIDE,TOT,100000PER,A,1987,35.2,
SVN,SUICIDE,TOT,100000PER,A,1988,35.7,
SVN,SUICIDE,TOT,100000PER,A,1989,38,
SVN,SUICIDE,TOT,100000PER,A,1990,31,
SVN,SUICIDE,TOT,100000PER,A,1991,35.5,
SVN,SUICIDE,TOT,100000PER,A,1992,32.1,
SVN,SUICIDE,TOT,100000PER,A,1993,33.1,
SVN,SUICIDE,TOT,100000PER,A,1994,33,
SVN,SUICIDE,TOT,100000PER,A,1995,29.9,
SVN,SUICIDE,TOT,100000PER,A,1996,32.2,
SVN,SUICIDE,TOT,100000PER,A,1997,30.8,B
SVN,SUICIDE,TOT,100000PER,A,1998,31.7,
SVN,SUICIDE,TOT,100000PER,A,1999,30.7,
SVN,SUICIDE,TOT,100000PER,A,2000,30.4,
SVN,SUICIDE,TOT,100000PER,A,2001,29.6,
SVN,SUICIDE,TOT,100000PER,A,2002,27,
SVN,SUICIDE,TOT,100000PER,A,2003,28,
SVN,SUICIDE,TOT,100000PER,A,2004,24.8,
SVN,SUICIDE,TOT,100000PER,A,2005,24.4,
SVN,SUICIDE,TOT,100000PER,A,2006,25.6,
SVN,SUICIDE,TOT,100000PER,A,2007,20.7,
SVN,SUICIDE,TOT,100000PER,A,2008,19.2,
SVN,SUICIDE,TOT,100000PER,A,2009,20.8,
SVN,SUICIDE,TOT,100000PER,A,2010,19.2,
SVN,SUICIDE,TOT,100000PER,A,2011,20.1,
SVN,SUICIDE,TOT,100000PER,A,2012,20.1,
SVN,SUICIDE,TOT,100000PER,A,2013,20.3,
SVN,SUICIDE,TOT,100000PER,A,2014,17.5,
SVN,SUICIDE,TOT,100000PER,A,2015,18.9,
SVN,SUICIDE,TOT,100000PER,A,2016,16.8,
SVN,SUICIDE,TOT,100000PER,A,2017,18.1,
SVN,SUICIDE,TOT,100000PER,A,2018,15.7,
SVN,SUICIDE,TOT,100000PER,A,2019,17.2,
SVN,SUICIDE,TOT,100000PER,A,2020,15.7,
ZAF,SUICIDE,TOT,100000PER,A,1996,0.6,B
ZAF,SUICIDE,TOT,100000PER,A,1997,0.4,
ZAF,SUICIDE,TOT,100000PER,A,1998,0.7,
ZAF,SUICIDE,TOT,100000PER,A,1999,0.9,
ZAF,SUICIDE,TOT,100000PER,A,2000,0.7,
ZAF,SUICIDE,TOT,100000PER,A,2001,0.9,
ZAF,SUICIDE,TOT,100000PER,A,2002,0.6,
ZAF,SUICIDE,TOT,100000PER,A,2003,0.7,
ZAF,SUICIDE,TOT,100000PER,A,2004,1.1,
ZAF,SUICIDE,TOT,100000PER,A,2005,1.2,
ZAF,SUICIDE,TOT,100000PER,A,2006,1.3,
ZAF,SUICIDE,TOT,100000PER,A,2007,1,
ZAF,SUICIDE,TOT,100000PER,A,2008,1.1,
ZAF,SUICIDE,TOT,100000PER,A,2009,0.8,
ZAF,SUICIDE,TOT,100000PER,A,2010,1,
ZAF,SUICIDE,TOT,100000PER,A,2011,0.8,
ZAF,SUICIDE,TOT,100000PER,A,2012,1.1,
ZAF,SUICIDE,TOT,100000PER,A,2013,1.3,
ZAF,SUICIDE,TOT,100000PER,A,2014,1.2,
ZAF,SUICIDE,TOT,100000PER,A,2015,1,
ZAF,SUICIDE,TOT,100000PER,A,2016,0.8,
ZAF,SUICIDE,TOT,100000PER,A,2017,0.7,
ZAF,SUICIDE,TOT,100000PER,A,2018,0.6,
TUR,SUICIDE,TOT,100000PER,A,2009,2.1,D
TUR,SUICIDE,TOT,100000PER,A,2010,2.4,D
TUR,SUICIDE,TOT,100000PER,A,2011,1.8,D
TUR,SUICIDE,TOT,100000PER,A,2012,2.2,D
TUR,SUICIDE,TOT,100000PER,A,2013,2.7,D
TUR,SUICIDE,TOT,100000PER,A,2014,2.3,D
TUR,SUICIDE,TOT,100000PER,A,2015,2.2,D
TUR,SUICIDE,TOT,100000PER,A,2016,2.6,D
TUR,SUICIDE,TOT,100000PER,A,2019,4.4,D
COL,SUICIDE,TOT,100000PER,A,1960,4.1,
COL,SUICIDE,TOT,100000PER,A,1961,5.4,
COL,SUICIDE,TOT,100000PER,A,1962,6.3,
COL,SUICIDE,TOT,100000PER,A,1963,6,
COL,SUICIDE,TOT,100000PER,A,1964,6.3,
COL,SUICIDE,TOT,100000PER,A,1965,9.3,
COL,SUICIDE,TOT,100000PER,A,1966,7.6,
COL,SUICIDE,TOT,100000PER,A,1967,8.8,
COL,SUICIDE,TOT,100000PER,A,1968,5.6,B
COL,SUICIDE,TOT,100000PER,A,1969,4.6,
COL,SUICIDE,TOT,100000PER,A,1972,5,
COL,SUICIDE,TOT,100000PER,A,1974,5.1,
COL,SUICIDE,TOT,100000PER,A,1975,5.1,
COL,SUICIDE,TOT,100000PER,A,1976,4.9,
COL,SUICIDE,TOT,100000PER,A,1977,4.2,
COL,SUICIDE,TOT,100000PER,A,1984,5.3,B
COL,SUICIDE,TOT,100000PER,A,1985,5,
COL,SUICIDE,TOT,100000PER,A,1986,4.7,
COL,SUICIDE,TOT,100000PER,A,1990,3.6,
COL,SUICIDE,TOT,100000PER,A,1991,3.7,
COL,SUICIDE,TOT,100000PER,A,1992,4.1,
COL,SUICIDE,TOT,100000PER,A,1993,4.2,
COL,SUICIDE,TOT,100000PER,A,1994,4.5,
COL,SUICIDE,TOT,100000PER,A,1995,4.2,
COL,SUICIDE,TOT,100000PER,A,1996,4.3,
COL,SUICIDE,TOT,100000PER,A,1997,4.1,B
COL,SUICIDE,TOT,100000PER,A,1998,6.9,
COL,SUICIDE,TOT,100000PER,A,1999,6.5,
COL,SUICIDE,TOT,100000PER,A,2000,6.8,
COL,SUICIDE,TOT,100000PER,A,2001,6.8,
COL,SUICIDE,TOT,100000PER,A,2002,6.3,
COL,SUICIDE,TOT,100000PER,A,2003,6.1,
COL,SUICIDE,TOT,100000PER,A,2004,6.3,
COL,SUICIDE,TOT,100000PER,A,2005,5.8,
COL,SUICIDE,TOT,100000PER,A,2006,5.7,
COL,SUICIDE,TOT,100000PER,A,2007,5.5,
COL,SUICIDE,TOT,100000PER,A,2008,5.5,
COL,SUICIDE,TOT,100000PER,A,2009,5.5,
COL,SUICIDE,TOT,100000PER,A,2010,5,
COL,SUICIDE,TOT,100000PER,A,2011,4.8,
COL,SUICIDE,TOT,100000PER,A,2012,4.9,
COL,SUICIDE,TOT,100000PER,A,2013,4.7,
COL,SUICIDE,TOT,100000PER,A,2014,4.9,
COL,SUICIDE,TOT,100000PER,A,2015,5.3,
COL,SUICIDE,TOT,100000PER,A,2016,5.4,
COL,SUICIDE,TOT,100000PER,A,2017,5.7,
COL,SUICIDE,TOT,100000PER,A,2018,6,
COL,SUICIDE,TOT,100000PER,A,2019,5.9,
LVA,SUICIDE,TOT,100000PER,A,1980,35.2,
LVA,SUICIDE,TOT,100000PER,A,1981,35.8,
LVA,SUICIDE,TOT,100000PER,A,1982,37.5,
LVA,SUICIDE,TOT,100000PER,A,1983,36,
LVA,SUICIDE,TOT,100000PER,A,1984,37,
LVA,SUICIDE,TOT,100000PER,A,1985,31.9,
LVA,SUICIDE,TOT,100000PER,A,1986,27.4,
LVA,SUICIDE,TOT,100000PER,A,1987,25.9,
LVA,SUICIDE,TOT,100000PER,A,1988,25.2,
LVA,SUICIDE,TOT,100000PER,A,1989,28.5,
LVA,SUICIDE,TOT,100000PER,A,1990,28.4,
LVA,SUICIDE,TOT,100000PER,A,1991,30.7,
LVA,SUICIDE,TOT,100000PER,A,1992,37.6,
LVA,SUICIDE,TOT,100000PER,A,1993,45.2,
LVA,SUICIDE,TOT,100000PER,A,1994,42.9,
LVA,SUICIDE,TOT,100000PER,A,1995,43.1,
LVA,SUICIDE,TOT,100000PER,A,1996,38.9,
LVA,SUICIDE,TOT,100000PER,A,1997,37.6,
LVA,SUICIDE,TOT,100000PER,A,1998,35.6,
LVA,SUICIDE,TOT,100000PER,A,1999,32.7,
LVA,SUICIDE,TOT,100000PER,A,2000,33.8,
LVA,SUICIDE,TOT,100000PER,A,2001,30.9,
LVA,SUICIDE,TOT,100000PER,A,2002,29.7,
LVA,SUICIDE,TOT,100000PER,A,2003,26.7,
LVA,SUICIDE,TOT,100000PER,A,2004,24.8,
LVA,SUICIDE,TOT,100000PER,A,2005,25.1,
LVA,SUICIDE,TOT,100000PER,A,2006,21.6,
LVA,SUICIDE,TOT,100000PER,A,2007,20.4,
LVA,SUICIDE,TOT,100000PER,A,2008,23.7,
LVA,SUICIDE,TOT,100000PER,A,2009,23.6,
LVA,SUICIDE,TOT,100000PER,A,2010,20.1,
LVA,SUICIDE,TOT,100000PER,A,2011,20.5,
LVA,SUICIDE,TOT,100000PER,A,2012,20.9,
LVA,SUICIDE,TOT,100000PER,A,2013,18.2,
LVA,SUICIDE,TOT,100000PER,A,2014,18.4,
LVA,SUICIDE,TOT,100000PER,A,2015,18.6,
LVA,SUICIDE,TOT,100000PER,A,2016,17.7,
LVA,SUICIDE,TOT,100000PER,A,2017,17.3,
LVA,SUICIDE,TOT,100000PER,A,2018,14.7,
LVA,SUICIDE,TOT,100000PER,A,2019,14.4,
LVA,SUICIDE,TOT,100000PER,A,2020,14.9,
LTU,SUICIDE,TOT,100000PER,A,1981,37.4,
LTU,SUICIDE,TOT,100000PER,A,1982,37.8,
LTU,SUICIDE,TOT,100000PER,A,1985,37.8,
LTU,SUICIDE,TOT,100000PER,A,1986,28.6,
LTU,SUICIDE,TOT,100000PER,A,1987,32.8,
LTU,SUICIDE,TOT,100000PER,A,1988,29.7,
LTU,SUICIDE,TOT,100000PER,A,1989,30.1,
LTU,SUICIDE,TOT,100000PER,A,1990,29.3,
LTU,SUICIDE,TOT,100000PER,A,1991,33.9,
LTU,SUICIDE,TOT,100000PER,A,1992,38.9,
LTU,SUICIDE,TOT,100000PER,A,1993,47,
LTU,SUICIDE,TOT,100000PER,A,1994,50.8,
LTU,SUICIDE,TOT,100000PER,A,1995,51.1,
LTU,SUICIDE,TOT,100000PER,A,1996,52,
LTU,SUICIDE,TOT,100000PER,A,1997,48.8,
LTU,SUICIDE,TOT,100000PER,A,1998,47.3,
LTU,SUICIDE,TOT,100000PER,A,1999,46.8,
LTU,SUICIDE,TOT,100000PER,A,2000,49.3,
LTU,SUICIDE,TOT,100000PER,A,2001,46.7,
LTU,SUICIDE,TOT,100000PER,A,2002,46.8,
LTU,SUICIDE,TOT,100000PER,A,2003,43.8,
LTU,SUICIDE,TOT,100000PER,A,2004,41.9,
LTU,SUICIDE,TOT,100000PER,A,2005,40.3,
LTU,SUICIDE,TOT,100000PER,A,2006,32,
LTU,SUICIDE,TOT,100000PER,A,2007,31.6,
LTU,SUICIDE,TOT,100000PER,A,2008,34.3,
LTU,SUICIDE,TOT,100000PER,A,2009,35.1,
LTU,SUICIDE,TOT,100000PER,A,2010,32.2,
LTU,SUICIDE,TOT,100000PER,A,2011,32.9,
LTU,SUICIDE,TOT,100000PER,A,2012,30.1,
LTU,SUICIDE,TOT,100000PER,A,2013,35.4,
LTU,SUICIDE,TOT,100000PER,A,2014,30.4,
LTU,SUICIDE,TOT,100000PER,A,2015,29.6,
LTU,SUICIDE,TOT,100000PER,A,2016,27.3,
LTU,SUICIDE,TOT,100000PER,A,2017,25,
LTU,SUICIDE,TOT,100000PER,A,2018,22.9,
LTU,SUICIDE,TOT,100000PER,A,2019,22.2,
LTU,SUICIDE,TOT,100000PER,A,2020,20.3,
CRI,SUICIDE,TOT,100000PER,A,1961,5.4,
CRI,SUICIDE,TOT,100000PER,A,1962,4.4,
CRI,SUICIDE,TOT,100000PER,A,1963,6.4,
CRI,SUICIDE,TOT,100000PER,A,1964,5.7,
CRI,SUICIDE,TOT,100000PER,A,1965,3.9,
CRI,SUICIDE,TOT,100000PER,A,1966,5.5,
CRI,SUICIDE,TOT,100000PER,A,1967,6.2,
CRI,SUICIDE,TOT,100000PER,A,1968,4.4,B
CRI,SUICIDE,TOT,100000PER,A,1969,4.7,
CRI,SUICIDE,TOT,100000PER,A,1970,4.2,
CRI,SUICIDE,TOT,100000PER,A,1971,5.6,
CRI,SUICIDE,TOT,100000PER,A,1972,4.9,
CRI,SUICIDE,TOT,100000PER,A,1973,5.1,
CRI,SUICIDE,TOT,100000PER,A,1974,5.3,
CRI,SUICIDE,TOT,100000PER,A,1975,6.2,
CRI,SUICIDE,TOT,100000PER,A,1976,8.9,
CRI,SUICIDE,TOT,100000PER,A,1977,6.1,
CRI,SUICIDE,TOT,100000PER,A,1978,5.4,
CRI,SUICIDE,TOT,100000PER,A,1979,5.4,
CRI,SUICIDE,TOT,100000PER,A,1980,7.5,B
CRI,SUICIDE,TOT,100000PER,A,1981,5.3,
CRI,SUICIDE,TOT,100000PER,A,1982,5.9,
CRI,SUICIDE,TOT,100000PER,A,1983,7.3,
CRI,SUICIDE,TOT,100000PER,A,1985,6.6,
CRI,SUICIDE,TOT,100000PER,A,1986,7.5,
CRI,SUICIDE,TOT,100000PER,A,1987,6.2,
CRI,SUICIDE,TOT,100000PER,A,1988,8.8,
CRI,SUICIDE,TOT,100000PER,A,1989,8,
CRI,SUICIDE,TOT,100000PER,A,1990,7.6,
CRI,SUICIDE,TOT,100000PER,A,1991,6.6,
CRI,SUICIDE,TOT,100000PER,A,1992,7.1,
CRI,SUICIDE,TOT,100000PER,A,1993,7.5,
CRI,SUICIDE,TOT,100000PER,A,1994,6.9,
CRI,SUICIDE,TOT,100000PER,A,1995,7.4,
CRI,SUICIDE,TOT,100000PER,A,1996,7,
CRI,SUICIDE,TOT,100000PER,A,1997,6.3,B
CRI,SUICIDE,TOT,100000PER,A,1998,7.1,
CRI,SUICIDE,TOT,100000PER,A,1999,7.1,
CRI,SUICIDE,TOT,100000PER,A,2000,7.5,
CRI,SUICIDE,TOT,100000PER,A,2001,6.7,
CRI,SUICIDE,TOT,100000PER,A,2002,8.2,
CRI,SUICIDE,TOT,100000PER,A,2003,9,
CRI,SUICIDE,TOT,100000PER,A,2004,8.9,
CRI,SUICIDE,TOT,100000PER,A,2005,7.3,
CRI,SUICIDE,TOT,100000PER,A,2006,8.7,
CRI,SUICIDE,TOT,100000PER,A,2007,6.4,
CRI,SUICIDE,TOT,100000PER,A,2008,6.4,
CRI,SUICIDE,TOT,100000PER,A,2009,6.6,
CRI,SUICIDE,TOT,100000PER,A,2010,7.2,
CRI,SUICIDE,TOT,100000PER,A,2011,7.2,
CRI,SUICIDE,TOT,100000PER,A,2012,6.8,
CRI,SUICIDE,TOT,100000PER,A,2013,7.1,
CRI,SUICIDE,TOT,100000PER,A,2014,5.9,
CRI,SUICIDE,TOT,100000PER,A,2015,6.7,
CRI,SUICIDE,TOT,100000PER,A,2016,7,
CRI,SUICIDE,TOT,100000PER,A,2017,5.7,
CRI,SUICIDE,TOT,100000PER,A,2018,7.9,
CRI,SUICIDE,TOT,100000PER,A,2019,7.8,
CRI,SUICIDE,TOT,100000PER,A,2020,7,
ARG,SUICIDE,TOT,100000PER,A,1966,10.5,
ARG,SUICIDE,TOT,100000PER,A,1967,12.5,
ARG,SUICIDE,TOT,100000PER,A,1968,14.1,
ARG,SUICIDE,TOT,100000PER,A,1969,13.9,B
ARG,SUICIDE,TOT,100000PER,A,1970,13.3,
ARG,SUICIDE,TOT,100000PER,A,1977,9.9,
ARG,SUICIDE,TOT,100000PER,A,1978,10.4,
ARG,SUICIDE,TOT,100000PER,A,1979,9.3,B
ARG,SUICIDE,TOT,100000PER,A,1982,9.9,
ARG,SUICIDE,TOT,100000PER,A,1983,9.1,
ARG,SUICIDE,TOT,100000PER,A,1984,9,
ARG,SUICIDE,TOT,100000PER,A,1985,9.7,
ARG,SUICIDE,TOT,100000PER,A,1986,10.8,
ARG,SUICIDE,TOT,100000PER,A,1987,10.7,
ARG,SUICIDE,TOT,100000PER,A,1988,10.4,
ARG,SUICIDE,TOT,100000PER,A,1989,9.9,
ARG,SUICIDE,TOT,100000PER,A,1990,9.3,
ARG,SUICIDE,TOT,100000PER,A,1991,8.2,
ARG,SUICIDE,TOT,100000PER,A,1992,9,
ARG,SUICIDE,TOT,100000PER,A,1993,9.3,
ARG,SUICIDE,TOT,100000PER,A,1994,8.7,
ARG,SUICIDE,TOT,100000PER,A,1995,8.4,
ARG,SUICIDE,TOT,100000PER,A,1996,8.4,
ARG,SUICIDE,TOT,100000PER,A,1997,8.1,B
ARG,SUICIDE,TOT,100000PER,A,1998,8.4,
ARG,SUICIDE,TOT,100000PER,A,1999,8.4,
ARG,SUICIDE,TOT,100000PER,A,2000,9.4,
ARG,SUICIDE,TOT,100000PER,A,2001,10.3,
ARG,SUICIDE,TOT,100000PER,A,2002,10.1,
ARG,SUICIDE,TOT,100000PER,A,2003,10.3,
ARG,SUICIDE,TOT,100000PER,A,2004,9.4,
ARG,SUICIDE,TOT,100000PER,A,2005,9.1,
ARG,SUICIDE,TOT,100000PER,A,2006,8.9,
ARG,SUICIDE,TOT,100000PER,A,2007,8.3,
ARG,SUICIDE,TOT,100000PER,A,2008,8.5,
ARG,SUICIDE,TOT,100000PER,A,2009,7.9,
ARG,SUICIDE,TOT,100000PER,A,2010,7.9,
ARG,SUICIDE,TOT,100000PER,A,2011,7.6,
ARG,SUICIDE,TOT,100000PER,A,2012,8.4,
ARG,SUICIDE,TOT,100000PER,A,2013,7.6,
ARG,SUICIDE,TOT,100000PER,A,2014,8.1,
ARG,SUICIDE,TOT,100000PER,A,2015,7.9,
ARG,SUICIDE,TOT,100000PER,A,2016,7.6,
ARG,SUICIDE,TOT,100000PER,A,2017,7.8,
ARG,SUICIDE,TOT,100000PER,A,2018,8,
ARG,SUICIDE,TOT,100000PER,A,2019,7.8,
BGR,SUICIDE,TOT,100000PER,A,1964,12.8,
BGR,SUICIDE,TOT,100000PER,A,1965,12.7,
BGR,SUICIDE,TOT,100000PER,A,1966,14.4,
BGR,SUICIDE,TOT,100000PER,A,1967,14,
BGR,SUICIDE,TOT,100000PER,A,1968,13.6,B
BGR,SUICIDE,TOT,100000PER,A,1969,15.5,
BGR,SUICIDE,TOT,100000PER,A,1970,16.1,
BGR,SUICIDE,TOT,100000PER,A,1971,16.5,
BGR,SUICIDE,TOT,100000PER,A,1972,15.4,
BGR,SUICIDE,TOT,100000PER,A,1973,15.1,
BGR,SUICIDE,TOT,100000PER,A,1974,16.5,
BGR,SUICIDE,TOT,100000PER,A,1975,16.7,
BGR,SUICIDE,TOT,100000PER,A,1976,17.7,
BGR,SUICIDE,TOT,100000PER,A,1977,18.1,
BGR,SUICIDE,TOT,100000PER,A,1978,17.1,
BGR,SUICIDE,TOT,100000PER,A,1979,17.5,
BGR,SUICIDE,TOT,100000PER,A,1980,16.6,B
BGR,SUICIDE,TOT,100000PER,A,1981,16.3,
BGR,SUICIDE,TOT,100000PER,A,1982,18.3,
BGR,SUICIDE,TOT,100000PER,A,1983,16,
BGR,SUICIDE,TOT,100000PER,A,1984,20.1,
BGR,SUICIDE,TOT,100000PER,A,1985,19.4,
BGR,SUICIDE,TOT,100000PER,A,1986,19,
BGR,SUICIDE,TOT,100000PER,A,1987,19.8,
BGR,SUICIDE,TOT,100000PER,A,1988,18.9,
BGR,SUICIDE,TOT,100000PER,A,1989,19.2,
BGR,SUICIDE,TOT,100000PER,A,1990,17.2,
BGR,SUICIDE,TOT,100000PER,A,1991,17.7,
BGR,SUICIDE,TOT,100000PER,A,1992,20.2,
BGR,SUICIDE,TOT,100000PER,A,1993,18.9,
BGR,SUICIDE,TOT,100000PER,A,1994,19,
BGR,SUICIDE,TOT,100000PER,A,1995,18.4,
BGR,SUICIDE,TOT,100000PER,A,1996,19.9,
BGR,SUICIDE,TOT,100000PER,A,1997,19,
BGR,SUICIDE,TOT,100000PER,A,1998,20.2,
BGR,SUICIDE,TOT,100000PER,A,1999,17,
BGR,SUICIDE,TOT,100000PER,A,2000,18,
BGR,SUICIDE,TOT,100000PER,A,2001,16.9,
BGR,SUICIDE,TOT,100000PER,A,2002,17.1,
BGR,SUICIDE,TOT,100000PER,A,2003,14.3,
BGR,SUICIDE,TOT,100000PER,A,2004,13,
BGR,SUICIDE,TOT,100000PER,A,2005,12.6,B
BGR,SUICIDE,TOT,100000PER,A,2006,12.5,
BGR,SUICIDE,TOT,100000PER,A,2007,11.4,
BGR,SUICIDE,TOT,100000PER,A,2008,11.9,
BGR,SUICIDE,TOT,100000PER,A,2009,11,
BGR,SUICIDE,TOT,100000PER,A,2010,10.9,
BGR,SUICIDE,TOT,100000PER,A,2011,9.8,
BGR,SUICIDE,TOT,100000PER,A,2012,11.1,
BGR,SUICIDE,TOT,100000PER,A,2013,9.2,
BGR,SUICIDE,TOT,100000PER,A,2014,9.2,
BGR,SUICIDE,TOT,100000PER,A,2015,8.7,
BGR,SUICIDE,TOT,100000PER,A,2016,8.6,
BGR,SUICIDE,TOT,100000PER,A,2017,8.9,
BGR,SUICIDE,TOT,100000PER,A,2018,8.3,
BGR,SUICIDE,TOT,100000PER,A,2019,7.4,
HRV,SUICIDE,TOT,100000PER,A,1985,25.3,
HRV,SUICIDE,TOT,100000PER,A,1986,24.8,
HRV,SUICIDE,TOT,100000PER,A,1987,27,
HRV,SUICIDE,TOT,100000PER,A,1988,26.4,
HRV,SUICIDE,TOT,100000PER,A,1989,24.7,
HRV,SUICIDE,TOT,100000PER,A,1990,27,
HRV,SUICIDE,TOT,100000PER,A,1991,25.2,
HRV,SUICIDE,TOT,100000PER,A,1992,26.1,
HRV,SUICIDE,TOT,100000PER,A,1993,24.8,
HRV,SUICIDE,TOT,100000PER,A,1994,25.1,
HRV,SUICIDE,TOT,100000PER,A,1995,21.3,B
HRV,SUICIDE,TOT,100000PER,A,1996,24.9,
HRV,SUICIDE,TOT,100000PER,A,1997,23.3,
HRV,SUICIDE,TOT,100000PER,A,1998,25.7,
HRV,SUICIDE,TOT,100000PER,A,1999,24.2,
HRV,SUICIDE,TOT,100000PER,A,2000,24,
HRV,SUICIDE,TOT,100000PER,A,2001,19.9,
HRV,SUICIDE,TOT,100000PER,A,2002,20.2,
HRV,SUICIDE,TOT,100000PER,A,2003,19.5,
HRV,SUICIDE,TOT,100000PER,A,2004,19.7,
HRV,SUICIDE,TOT,100000PER,A,2005,19.3,
HRV,SUICIDE,TOT,100000PER,A,2006,17.6,
HRV,SUICIDE,TOT,100000PER,A,2007,17.1,
HRV,SUICIDE,TOT,100000PER,A,2008,17.6,
HRV,SUICIDE,TOT,100000PER,A,2009,17.3,
HRV,SUICIDE,TOT,100000PER,A,2010,16.9,
HRV,SUICIDE,TOT,100000PER,A,2011,15.1,
HRV,SUICIDE,TOT,100000PER,A,2012,17,
HRV,SUICIDE,TOT,100000PER,A,2013,15.3,
HRV,SUICIDE,TOT,100000PER,A,2014,15.9,
HRV,SUICIDE,TOT,100000PER,A,2015,16.3,
HRV,SUICIDE,TOT,100000PER,A,2016,15.1,
HRV,SUICIDE,TOT,100000PER,A,2017,14,
HRV,SUICIDE,TOT,100000PER,A,2019,13,
PER,SUICIDE,TOT,100000PER,A,1983,1,
PER,SUICIDE,TOT,100000PER,A,1986,1.2,
PER,SUICIDE,TOT,100000PER,A,1987,1.2,
PER,SUICIDE,TOT,100000PER,A,1988,0.7,
PER,SUICIDE,TOT,100000PER,A,1989,0.8,
PER,SUICIDE,TOT,100000PER,A,1990,0.7,
PER,SUICIDE,TOT,100000PER,A,1991,0.4,
PER,SUICIDE,TOT,100000PER,A,1992,1.3,
PER,SUICIDE,TOT,100000PER,A,1994,1.8,
PER,SUICIDE,TOT,100000PER,A,1995,2,
PER,SUICIDE,TOT,100000PER,A,1996,2,
PER,SUICIDE,TOT,100000PER,A,1997,1.4,
PER,SUICIDE,TOT,100000PER,A,1998,1.5,
PER,SUICIDE,TOT,100000PER,A,1999,1,B
PER,SUICIDE,TOT,100000PER,A,2000,1,
PER,SUICIDE,TOT,100000PER,A,2001,1,
PER,SUICIDE,TOT,100000PER,A,2002,1,
PER,SUICIDE,TOT,100000PER,A,2003,1,
PER,SUICIDE,TOT,100000PER,A,2004,1,
PER,SUICIDE,TOT,100000PER,A,2005,0.8,
PER,SUICIDE,TOT,100000PER,A,2006,0.9,
PER,SUICIDE,TOT,100000PER,A,2007,1.6,
PER,SUICIDE,TOT,100000PER,A,2008,1.5,
PER,SUICIDE,TOT,100000PER,A,2009,0.5,
PER,SUICIDE,TOT,100000PER,A,2010,1,
PER,SUICIDE,TOT,100000PER,A,2011,1.8,
PER,SUICIDE,TOT,100000PER,A,2012,2.3,
PER,SUICIDE,TOT,100000PER,A,2013,1.2,
PER,SUICIDE,TOT,100000PER,A,2014,1.4,
PER,SUICIDE,TOT,100000PER,A,2015,0.9,
PER,SUICIDE,TOT,100000PER,A,2016,1.4,
PER,SUICIDE,TOT,100000PER,A,2017,1.3,
PER,SUICIDE,TOT,100000PER,A,2018,1.7,
ROU,SUICIDE,TOT,100000PER,A,1989,12.6,
ROU,SUICIDE,TOT,100000PER,A,1990,10.3,
ROU,SUICIDE,TOT,100000PER,A,1991,10.8,
ROU,SUICIDE,TOT,100000PER,A,1992,13.2,
ROU,SUICIDE,TOT,100000PER,A,1993,13.7,
ROU,SUICIDE,TOT,100000PER,A,1994,14.1,
ROU,SUICIDE,TOT,100000PER,A,1995,13.5,
ROU,SUICIDE,TOT,100000PER,A,1996,13.7,
ROU,SUICIDE,TOT,100000PER,A,1997,13.8,
ROU,SUICIDE,TOT,100000PER,A,1998,13.5,
ROU,SUICIDE,TOT,100000PER,A,1999,13.1,B
ROU,SUICIDE,TOT,100000PER,A,2000,13.5,
ROU,SUICIDE,TOT,100000PER,A,2001,12.8,
ROU,SUICIDE,TOT,100000PER,A,2002,14.6,
ROU,SUICIDE,TOT,100000PER,A,2003,13.7,
ROU,SUICIDE,TOT,100000PER,A,2004,12.9,
ROU,SUICIDE,TOT,100000PER,A,2005,12.4,
ROU,SUICIDE,TOT,100000PER,A,2006,12.8,
ROU,SUICIDE,TOT,100000PER,A,2007,11.5,
ROU,SUICIDE,TOT,100000PER,A,2008,11.6,
ROU,SUICIDE,TOT,100000PER,A,2009,12.1,
ROU,SUICIDE,TOT,100000PER,A,2010,12.8,
ROU,SUICIDE,TOT,100000PER,A,2011,11.8,
ROU,SUICIDE,TOT,100000PER,A,2012,12.2,
ROU,SUICIDE,TOT,100000PER,A,2013,11.7,
ROU,SUICIDE,TOT,100000PER,A,2014,10.8,
ROU,SUICIDE,TOT,100000PER,A,2015,10.9,
ROU,SUICIDE,TOT,100000PER,A,2016,9.6,
ROU,SUICIDE,TOT,100000PER,A,2017,9.4,
ROU,SUICIDE,TOT,100000PER,A,2018,9.5,
ROU,SUICIDE,TOT,100000PER,A,2019,8.6,
